heart_rate,spo2,temperature,humidity,noise,light,vibration,timestamp,hour,day_of_week,stress_index,env_risk,label
103,85,39.4,63,39,107,70,2026-03-22 10:00:00,10,6,145.4,159.0,1
126,93,39.6,57,37,397,28,2026-03-22 10:01:00,10,6,138.2,213.0,1
92,91,39.4,45,30,216,21,2026-03-22 10:02:00,10,6,108.4,165.5,1
99,90,39.2,56,63,101,69,2026-03-22 10:03:00,10,6,146.4,170.7,1
113,90,36.9,66,35,251,17,2026-03-22 10:04:00,10,6,128.0,181.5,1
87,89,39.7,67,64,274,61,2026-03-22 10:05:00,10,6,136.4,212.5,1
126,93,39.6,39,60,339,35,2026-03-22 10:06:00,10,6,151.8,208.5,1
96,93,38.6,38,97,462,16,2026-03-22 10:07:00,10,6,140.6,256.5,1
79,86,36.3,39,98,382,48,2026-03-22 10:08:00,10,6,147.6,237.1,1
110,97,37.3,64,73,185,10,2026-03-22 10:09:00,10,6,132.0,194.7,1
126,92,38.1,38,58,568,69,2026-03-22 10:10:00,10,6,162.5,249.4,1
67,93,35.8,67,67,483,26,2026-03-22 10:11:00,10,6,105.4,248.6,1
84,89,37.5,34,86,304,45,2026-03-22 10:12:00,10,6,140.2,213.0,1
113,96,35.9,46,58,283,27,2026-03-22 10:13:00,10,6,133.5,192.0,1
124,96,38.8,46,58,206,40,2026-03-22 10:14:00,10,6,146.2,182.4,1
121,99,38.8,62,93,571,23,2026-03-22 10:15:00,10,6,151.7,287.9,1
119,94,38.8,50,77,529,60,2026-03-22 10:16:00,10,6,160.7,262.3,1
72,98,40.0,56,35,449,77,2026-03-22 10:17:00,10,6,101.2,222.3,1
88,94,39.6,61,56,439,42,2026-03-22 10:18:00,10,6,120.0,236.7,1
83,98,39.6,71,85,343,8,2026-03-22 10:19:00,10,6,114.3,242.8,1
90,89,40.2,52,38,444,25,2026-03-22 10:20:00,10,6,115.0,221.8,1
66,93,37.5,70,45,187,61,2026-03-22 10:21:00,10,6,104.1,178.9,1
69,98,36.7,70,39,211,36,2026-03-22 10:22:00,10,6,88.5,177.9,1
101,87,39.5,36,41,348,64,2026-03-22 10:23:00,10,6,140.0,195.3,1
116,85,37.7,88,79,212,9,2026-03-22 10:24:00,10,6,157.5,217.1,1
120,85,35.6,65,74,108,14,2026-03-22 10:25:00,10,6,159.7,177.1,1
69,95,39.7,60,74,336,38,2026-03-22 10:26:00,10,6,111.1,228.4,1
127,89,38.2,37,35,380,6,2026-03-22 10:27:00,10,6,137.4,195.4,1
105,85,39.3,84,58,227,46,2026-03-22 10:28:00,10,6,149.3,206.6,1
112,96,39.5,63,44,554,36,2026-03-22 10:29:00,10,6,128.4,252.1,1
84,96,38.3,41,53,278,5,2026-03-22 10:30:00,10,6,101.2,189.8,1
77,99,38.4,40,45,107,14,2026-03-22 10:31:00,10,6,89.8,149.7,1
115,89,37.6,41,79,313,75,2026-03-22 10:32:00,10,6,170.5,213.6,1
91,98,38.7,40,71,275,76,2026-03-22 10:33:00,10,6,134.1,202.1,1
126,90,39.3,48,46,524,18,2026-03-22 10:34:00,10,6,144.2,239.6,1
120,98,38.8,68,74,196,77,2026-03-22 10:35:00,10,6,159.1,202.6,1
72,94,39.5,50,54,413,72,2026-03-22 10:36:00,10,6,115.2,224.4,1
68,89,37.8,36,31,368,76,2026-03-22 10:37:00,10,6,109.2,188.9,1
84,91,37.4,82,93,190,48,2026-03-22 10:38:00,10,6,141.6,218.9,1
80,85,36.0,74,39,302,42,2026-03-22 10:39:00,10,6,118.6,196.7,1
85,94,39.6,42,33,275,47,2026-03-22 10:40:00,10,6,107.6,178.3,1
98,95,35.7,66,99,230,36,2026-03-22 10:41:00,10,6,146.2,219.7,1
117,87,39.4,33,87,364,60,2026-03-22 10:42:00,10,6,174.6,229.0,1
95,96,38.4,57,50,290,7,2026-03-22 10:43:00,10,6,109.1,198.3,1
124,86,40.4,40,55,526,23,2026-03-22 10:44:00,10,6,154.6,244.5,1
85,88,37.0,36,86,577,40,2026-03-22 10:45:00,10,6,141.0,267.6,1
61,93,39.5,73,95,214,49,2026-03-22 10:46:00,10,6,121.5,224.8,1
71,99,40.3,86,76,280,23,2026-03-22 10:47:00,10,6,103.2,232.8,1
124,87,36.7,40,71,157,56,2026-03-22 10:48:00,10,6,171.0,174.5,1
127,95,35.7,33,78,254,27,2026-03-22 10:49:00,10,6,156.2,193.3,1
82,86,39.3,71,40,173,10,2026-03-22 10:50:00,10,6,109.6,176.7,1
92,95,36.7,65,35,399,69,2026-03-22 10:51:00,10,6,119.3,210.2,1
106,89,38.8,33,48,557,39,2026-03-22 10:52:00,10,6,137.0,239.1,1
103,86,39.2,60,99,112,24,2026-03-22 10:53:00,10,6,160.1,200.1,1
104,85,39.4,64,32,213,7,2026-03-22 10:54:00,10,6,123.8,175.8,1
73,89,35.6,30,88,283,7,2026-03-22 10:55:00,10,6,121.0,204.4,1
99,91,38.2,78,80,598,72,2026-03-22 10:56:00,10,6,154.3,291.0,1
101,89,40.1,75,40,586,10,2026-03-22 10:57:00,10,6,120.3,262.9,1
113,88,38.5,36,36,397,22,2026-03-22 10:58:00,10,6,133.0,199.6,1
84,97,39.4,50,53,487,77,2026-03-22 10:59:00,10,6,121.3,238.3,1
111,96,35.6,41,44,377,70,2026-03-22 11:00:00,11,6,137.8,197.9,1
127,86,36.4,49,35,567,40,2026-03-22 11:01:00,11,6,152.1,235.2,1
113,91,39.3,54,87,138,12,2026-03-22 11:02:00,11,6,151.0,194.1,1
121,96,37.2,81,93,116,6,2026-03-22 11:03:00,11,6,151.1,203.2,1
69,93,38.7,73,58,554,78,2026-03-22 11:04:00,11,6,118.1,265.3,1
113,99,36.7,56,89,142,65,2026-03-22 11:05:00,11,6,155.9,192.1,1
60,85,36.6,67,43,402,23,2026-03-22 11:06:00,11,6,98.9,217.2,1
84,99,39.9,76,34,454,77,2026-03-22 11:07:00,11,6,108.8,232.4,1
126,95,39.6,63,85,486,46,2026-03-22 11:08:00,11,6,164.6,267.4,1
115,88,37.6,82,86,316,61,2026-03-22 11:09:00,11,6,171.3,239.6,1
109,85,36.0,36,70,533,16,2026-03-22 11:10:00,11,6,149.5,245.6,1
64,99,36.3,82,91,196,67,2026-03-22 11:11:00,11,6,118.3,216.5,1
93,99,39.0,85,46,540,23,2026-03-22 11:12:00,11,6,105.8,260.7,1
81,88,36.1,35,45,137,42,2026-03-22 11:13:00,11,6,117.9,148.6,1
95,97,38.0,34,95,248,8,2026-03-22 11:14:00,11,6,130.4,209.1,1
81,90,37.4,39,30,403,9,2026-03-22 11:15:00,11,6,97.5,195.9,1
122,89,38.0,70,84,277,48,2026-03-22 11:16:00,11,6,170.5,225.2,1
102,99,38.6,72,59,409,68,2026-03-22 11:17:00,11,6,133.0,236.3,1
96,89,37.1,69,48,249,5,2026-03-22 11:18:00,11,6,118.8,192.1,1
75,86,37.5,87,76,219,5,2026-03-22 11:19:00,11,6,120.5,215.5,1
120,94,38.0,35,73,265,72,2026-03-22 11:20:00,11,6,163.1,197.6,1
65,91,38.7,48,56,454,21,2026-03-22 11:21:00,11,6,99.8,231.4,1
102,93,36.4,34,98,594,70,2026-03-22 11:22:00,11,6,162.1,277.2,1
87,86,36.9,67,63,186,51,2026-03-22 11:23:00,11,6,137.4,188.6,1
62,95,35.8,88,97,108,30,2026-03-22 11:24:00,11,6,114.6,205.1,1
113,88,36.9,47,39,181,79,2026-03-22 11:25:00,11,6,151.6,160.8,1
117,89,37.6,60,54,472,37,2026-03-22 11:26:00,11,6,148.2,237.4,1
93,88,39.6,76,53,348,53,2026-03-22 11:27:00,11,6,134.8,223.9,1
69,90,39.7,56,35,430,7,2026-03-22 11:28:00,11,6,89.8,217.9,1
109,86,39.3,40,63,221,55,2026-03-22 11:29:00,11,6,156.2,186.9,1
102,91,40.0,88,80,425,42,2026-03-22 11:30:00,11,6,147.7,265.0,1
129,85,39.9,45,79,515,55,2026-03-22 11:31:00,11,6,181.7,260.6,1
125,87,39.7,78,61,206,27,2026-03-22 11:32:00,11,6,158.1,202.3,1
61,86,37.3,57,60,327,40,2026-03-22 11:33:00,11,6,111.8,210.5,1
63,89,36.1,81,48,219,6,2026-03-22 11:34:00,11,6,92.7,190.1,1
60,91,37.9,50,65,595,45,2026-03-22 11:35:00,11,6,107.5,265.3,1
79,87,37.9,49,32,141,11,2026-03-22 11:36:00,11,6,102.0,150.9,1
84,87,38.7,74,83,598,15,2026-03-22 11:37:00,11,6,132.7,292.1,1
78,86,37.1,76,41,521,41,2026-03-22 11:38:00,11,6,116.2,245.1,1
103,87,36.5,38,57,140,47,2026-03-22 11:39:00,11,6,144.5,159.9,1
82,94,36.3,37,59,320,32,2026-03-22 11:40:00,11,6,113.7,196.4,1
83,92,36.5,60,95,181,17,2026-03-22 11:41:00,11,6,131.0,205.7,1
72,99,39.0,67,72,319,60,2026-03-22 11:42:00,11,6,113.1,225.7,1
60,87,36.9,37,30,400,50,2026-03-22 11:43:00,11,6,97.5,193.3,1
98,86,35.5,83,58,358,16,2026-03-22 11:44:00,11,6,133.2,224.7,1
91,92,38.1,41,87,251,77,2026-03-22 11:45:00,11,6,151.4,207.8,1
94,99,36.4,60,80,352,66,2026-03-22 11:46:00,11,6,136.5,229.2,1
87,91,36.4,76,95,154,25,2026-03-22 11:47:00,11,6,138.1,208.1,1
69,88,38.3,87,74,485,73,2026-03-22 11:48:00,11,6,132.1,268.9,1
78,94,36.8,58,43,172,76,2026-03-22 11:49:00,11,6,115.7,167.1,1
79,88,36.5,89,47,543,64,2026-03-22 11:50:00,11,6,123.9,259.0,1
102,95,36.1,70,64,398,66,2026-03-22 11:51:00,11,6,140.9,231.6,1
94,93,38.9,53,41,365,22,2026-03-22 11:52:00,11,6,112.8,206.0,1
128,95,36.6,76,82,354,26,2026-03-22 11:53:00,11,6,158.7,239.4,1
63,86,37.1,59,96,106,28,2026-03-22 11:54:00,11,6,127.8,192.1,1
102,89,40.4,43,93,376,52,2026-03-22 11:55:00,11,6,160.2,242.6,1
129,94,40.0,40,67,193,30,2026-03-22 11:56:00,11,6,154.7,185.5,1
91,98,35.7,36,91,472,6,2026-03-22 11:57:00,11,6,123.1,247.5,1
94,86,39.2,66,98,133,63,2026-03-22 11:58:00,11,6,164.1,206.6,1
117,97,37.1,71,58,418,20,2026-03-22 11:59:00,11,6,133.1,233.9,1
83,95,36.9,83,42,358,79,2026-03-22 12:00:00,12,6,118.6,216.3,1
95,96,37.5,72,32,111,23,2026-03-22 12:01:00,12,6,104.9,155.6,1
64,95,36.5,63,48,345,75,2026-03-22 12:02:00,12,6,105.2,207.1,1
75,90,37.4,82,36,576,58,2026-03-22 12:03:00,12,6,110.4,256.2,1
90,89,39.5,45,45,185,45,2026-03-22 12:04:00,12,6,124.5,170.0,1
128,90,38.5,44,95,141,6,2026-03-22 12:05:00,12,6,166.7,193.7,1
60,92,37.9,55,44,299,48,2026-03-22 12:06:00,12,6,96.4,193.9,1
102,94,37.1,48,44,439,59,2026-03-22 12:07:00,12,6,130.3,216.8,1
109,86,35.6,47,65,248,8,2026-03-22 12:08:00,12,6,143.1,189.8,1
97,94,36.0,48,90,201,47,2026-03-22 12:09:00,12,6,145.7,199.2,1
78,92,37.7,67,90,143,79,2026-03-22 12:10:00,12,6,143.1,200.5,1
122,96,36.1,50,87,386,50,2026-03-22 12:11:00,12,6,162.1,235.3,1
121,92,39.8,42,47,385,65,2026-03-22 12:12:00,12,6,151.8,210.5,1
82,89,39.8,68,82,465,39,2026-03-22 12:13:00,12,6,134.8,264.0,1
60,89,38.5,72,63,356,63,2026-03-22 12:14:00,12,6,114.9,228.3,1
77,87,40.0,76,82,375,78,2026-03-22 12:15:00,12,6,145.5,250.4,1
61,89,40.5,38,67,577,37,2026-03-22 12:16:00,12,6,109.9,262.3,1
61,95,39.3,82,40,537,33,2026-03-22 12:17:00,12,6,86.2,255.0,1
70,94,37.8,56,78,502,52,2026-03-22 12:18:00,12,6,119.6,258.6,1
127,87,39.6,56,49,399,76,2026-03-22 12:19:00,12,6,168.4,221.3,1
122,91,39.6,62,62,318,15,2026-03-22 12:20:00,12,6,146.6,217.2,1
117,89,36.1,60,74,396,62,2026-03-22 12:21:00,12,6,165.7,233.2,1
73,87,37.5,71,65,548,62,2026-03-22 12:22:00,12,6,129.0,265.6,1
73,99,38.7,83,88,490,22,2026-03-22 12:23:00,12,6,110.5,278.5,1
107,98,37.1,58,44,284,23,2026-03-22 12:24:00,12,6,117.5,190.8,1
79,87,37.0,73,30,467,66,2026-03-22 12:25:00,12,6,117.5,224.9,1
68,91,36.3,46,52,599,9,2026-03-22 12:26:00,12,6,96.6,251.8,1
96,97,36.9,39,62,447,50,2026-03-22 12:27:00,12,6,127.3,226.1,1
76,93,39.6,73,99,167,25,2026-03-22 12:28:00,12,6,128.3,218.4,1
64,95,38.9,63,94,459,51,2026-03-22 12:29:00,12,6,121.0,266.9,1
61,89,39.0,70,40,395,7,2026-03-22 12:30:00,12,6,87.4,220.0,1
112,98,39.0,71,62,190,61,2026-03-22 12:31:00,12,6,141.9,194.9,1
96,98,37.9,72,70,467,21,2026-03-22 12:32:00,12,6,121.1,254.2,1
73,96,38.0,57,93,566,48,2026-03-22 12:33:00,12,6,125.3,282.8,1
80,90,39.6,89,70,533,8,2026-03-22 12:34:00,12,6,116.4,279.3,1
111,93,39.6,58,95,366,17,2026-03-22 12:35:00,12,6,151.9,247.9,1
92,87,38.4,42,97,153,59,2026-03-22 12:36:00,12,6,159.3,196.3,1
104,99,36.4,36,32,470,55,2026-03-22 12:37:00,12,6,117.2,207.2,1
107,87,35.5,31,49,168,18,2026-03-22 12:38:00,12,6,135.0,154.4,1
113,94,36.2,48,83,190,34,2026-03-22 12:39:00,12,6,151.1,192.5,1
99,90,38.8,56,86,450,50,2026-03-22 12:40:00,12,6,152.2,255.8,1
70,94,38.6,44,44,103,42,2026-03-22 12:41:00,12,6,99.6,150.6,1
84,98,40.4,65,82,265,25,2026-03-22 12:42:00,12,6,118.7,223.7,1
128,91,35.9,42,83,487,69,2026-03-22 12:43:00,12,6,178.1,248.3,1
125,95,36.8,56,52,222,10,2026-03-22 12:44:00,12,6,136.5,182.4,1
127,86,37.2,79,54,320,48,2026-03-22 12:45:00,12,6,164.0,215.7,1
75,89,36.2,57,72,343,5,2026-03-22 12:46:00,12,6,114.0,219.9,1
67,98,40.3,31,39,527,42,2026-03-22 12:47:00,12,6,88.7,228.8,1
108,91,37.5,64,64,549,8,2026-03-22 12:48:00,12,6,134.3,261.6,1
94,96,37.7,76,54,333,15,2026-03-22 12:49:00,12,6,112.7,217.8,1
104,96,35.6,71,70,460,70,2026-03-22 12:50:00,12,6,145.2,247.7,1
64,90,36.8,73,72,123,54,2026-03-22 12:51:00,12,6,118.4,185.1,1
97,85,40.2,33,37,292,13,2026-03-22 12:52:00,12,6,122.5,181.2,1
97,93,36.1,87,92,333,52,2026-03-22 12:53:00,12,6,149.7,246.7,1
64,98,35.6,81,55,506,77,2026-03-22 12:54:00,12,6,104.8,251.4,1
81,95,38.6,55,72,376,44,2026-03-22 12:55:00,12,6,121.5,230.3,1
82,87,38.3,75,78,274,27,2026-03-22 12:56:00,12,6,132.2,223.5,1
85,91,39.2,73,48,564,54,2026-03-22 12:57:00,12,6,121.7,261.3,1
64,88,35.9,60,95,241,5,2026-03-22 12:58:00,12,6,118.2,216.5,1
64,98,39.8,48,99,415,38,2026-03-22 12:59:00,12,6,115.1,255.9,1
68,98,36.6,68,43,144,51,2026-03-22 13:00:00,13,6,94.2,166.1,1
112,99,38.6,64,54,204,50,2026-03-22 13:01:00,13,6,133.1,187.8,1
113,91,39.6,46,64,222,40,2026-03-22 13:02:00,13,6,147.9,191.4,1
106,94,39.9,59,70,144,32,2026-03-22 13:03:00,13,6,138.4,187.1,1
70,89,36.5,82,73,204,59,2026-03-22 13:04:00,13,6,126.7,205.9,1
76,85,37.9,44,88,379,54,2026-03-22 13:05:00,13,6,143.5,235.2,1
60,92,40.0,81,58,409,6,2026-03-22 13:06:00,13,6,90.8,242.9,1
98,94,40.4,33,77,226,65,2026-03-22 13:07:00,13,6,145.4,196.4,1
110,87,39.8,49,33,293,24,2026-03-22 13:08:00,13,6,131.2,185.8,1
70,98,38.7,34,82,534,55,2026-03-22 13:09:00,13,6,116.5,258.6,1
109,87,38.8,78,37,178,41,2026-03-22 13:10:00,13,6,137.5,178.1,1
61,89,36.7,57,40,345,65,2026-03-22 13:11:00,13,6,104.8,198.9,1
126,96,37.5,53,96,543,50,2026-03-22 13:12:00,13,6,169.8,277.3,1
67,98,37.3,84,76,312,34,2026-03-22 13:13:00,13,6,104.8,232.2,1
108,90,37.8,48,80,166,11,2026-03-22 13:14:00,13,6,144.7,188.8,1
68,90,37.7,51,76,450,64,2026-03-22 13:15:00,13,6,126.6,244.1,1
96,96,36.9,31,44,284,57,2026-03-22 13:16:00,13,6,121.9,176.9,1
89,97,39.0,60,71,182,74,2026-03-22 13:17:00,13,6,133.4,194.1,1
78,96,36.3,56,38,264,57,2026-03-22 13:18:00,13,6,104.5,180.0,1
84,93,38.1,32,54,167,19,2026-03-22 13:19:00,13,6,110.4,163.4,1
111,85,36.2,64,32,401,76,2026-03-22 13:20:00,13,6,150.1,207.0,1
82,96,40.2,53,72,333,46,2026-03-22 13:21:00,13,6,121.4,223.9,1
65,87,40.0,30,86,193,69,2026-03-22 13:22:00,13,6,135.2,193.8,1
114,90,35.7,67,63,447,11,2026-03-22 13:23:00,13,6,141.0,238.4,1
94,87,38.1,51,80,240,10,2026-03-22 13:24:00,13,6,137.7,205.7,1
107,98,38.7,57,46,383,73,2026-03-22 13:25:00,13,6,133.5,214.7,1
126,89,39.6,39,87,312,75,2026-03-22 13:26:00,13,6,183.3,222.0,1
114,89,40.0,82,86,466,72,2026-03-22 13:27:00,13,6,172.3,274.4,1
121,99,39.7,44,48,467,43,2026-03-22 13:28:00,13,6,135.2,228.4,1
71,87,38.5,80,98,529,43,2026-03-22 13:29:00,13,6,138.2,291.4,1
117,89,38.1,41,94,124,32,2026-03-22 13:30:00,13,6,166.7,187.3,1
116,95,39.7,54,97,182,29,2026-03-22 13:31:00,13,6,157.5,210.7,1
105,86,37.8,71,50,455,60,2026-03-22 13:32:00,13,6,148.0,237.1,1
116,94,38.0,37,32,515,32,2026-03-22 13:33:00,13,6,127.4,219.9,1
90,95,36.7,81,68,283,35,2026-03-22 13:34:00,13,6,124.0,218.1,1
106,94,37.7,65,43,390,17,2026-03-22 13:35:00,13,6,120.4,216.0,1
120,88,37.2,72,99,270,14,2026-03-22 13:36:00,13,6,167.7,233.7,1
84,94,36.7,64,78,403,75,2026-03-22 13:37:00,13,6,137.7,240.6,1
69,86,38.8,71,63,473,30,2026-03-22 13:38:00,13,6,116.7,251.8,1
72,89,40.0,82,38,489,61,2026-03-22 13:39:00,13,6,111.4,245.4,1
96,92,39.8,74,74,302,50,2026-03-22 13:40:00,13,6,140.8,228.8,1
88,86,39.1,82,59,365,5,2026-03-22 13:41:00,13,6,122.4,233.5,1
127,98,35.5,60,73,126,53,2026-03-22 13:42:00,13,6,157.0,177.3,1
104,94,40.4,36,59,430,71,2026-03-22 13:43:00,13,6,143.0,226.1,1
68,92,38.6,87,43,116,24,2026-03-22 13:44:00,13,6,95.1,174.0,1
80,93,39.5,33,40,105,27,2026-03-22 13:45:00,13,6,102.6,144.5,1
90,91,38.7,44,52,580,30,2026-03-22 13:46:00,13,6,120.5,251.8,1
104,90,40.4,72,48,498,71,2026-03-22 13:47:00,13,6,143.5,250.0,1
91,97,37.5,45,46,238,44,2026-03-22 13:48:00,13,6,113.5,177.3,1
96,87,36.4,51,53,336,34,2026-03-22 13:49:00,13,6,133.0,202.6,1
104,99,39.3,40,81,394,14,2026-03-22 13:50:00,13,6,129.4,234.1,1
83,95,36.9,31,64,266,40,2026-03-22 13:51:00,13,6,117.9,187.3,1
87,98,36.2,42,91,478,73,2026-03-22 13:52:00,13,6,140.0,252.7,1
103,87,39.3,79,61,129,73,2026-03-22 13:53:00,13,6,154.3,186.6,1
73,95,37.8,51,62,111,29,2026-03-22 13:54:00,13,6,105.6,166.7,1
125,96,37.7,49,35,544,42,2026-03-22 13:55:00,13,6,136.1,233.2,1
123,91,38.8,51,66,400,45,2026-03-22 13:56:00,13,6,158.4,229.3,1
63,85,36.2,79,45,131,28,2026-03-22 13:57:00,13,6,103.8,169.6,1
122,86,39.2,72,82,257,19,2026-03-22 13:58:00,13,6,165.3,223.2,1
80,93,40.4,60,98,437,75,2026-03-22 13:59:00,13,6,146.0,266.8,1
102,91,38.1,59,46,315,59,2026-03-22 14:00:00,14,6,135.8,200.9,1
104,99,38.3,34,70,237,44,2026-03-22 14:01:00,14,6,132.9,190.0,1
84,94,39.9,59,46,390,28,2026-03-22 14:02:00,14,6,107.6,219.5,1
72,99,40.1,64,86,252,5,2026-03-22 14:03:00,14,6,103.6,222.8,1
109,96,40.3,31,31,477,75,2026-03-22 14:04:00,14,6,131.2,213.2,1
83,94,37.8,54,48,359,49,2026-03-22 14:05:00,14,6,114.1,208.0,1
95,98,39.6,32,66,581,29,2026-03-22 14:06:00,14,6,120.7,257.6,1
66,85,35.8,39,41,361,38,2026-03-22 14:07:00,14,6,107.2,192.0,1
110,88,36.7,72,86,329,57,2026-03-22 14:08:00,14,6,166.1,235.4,1
84,96,38.7,61,41,456,28,2026-03-22 14:09:00,14,6,102.1,227.8,1
120,96,38.3,56,70,292,43,2026-03-22 14:10:00,14,6,149.9,212.0,1
99,89,37.1,79,97,528,8,2026-03-22 14:11:00,14,6,146.6,287.2,1
105,98,36.3,40,43,565,44,2026-03-22 14:12:00,14,6,121.7,235.7,1
75,90,37.0,61,68,235,17,2026-03-22 14:13:00,14,6,114.1,199.1,1
61,97,38.3,61,94,559,67,2026-03-22 14:14:00,14,6,120.4,284.7,1
110,89,37.7,55,41,542,18,2026-03-22 14:15:00,14,6,130.4,240.0,1
72,92,40.2,51,78,520,10,2026-03-22 14:16:00,14,6,111.6,264.5,1
89,91,36.9,70,99,470,21,2026-03-22 14:17:00,14,6,140.5,272.1,1
80,93,38.7,50,95,290,50,2026-03-22 14:18:00,14,6,137.0,226.9,1
118,86,38.9,47,99,336,71,2026-03-22 14:19:00,14,6,186.2,237.8,1
126,92,35.9,68,59,588,23,2026-03-22 14:20:00,14,6,149.2,264.7,1
80,94,39.2,65,69,438,11,2026-03-22 14:21:00,14,6,110.8,246.8,1
91,88,40.4,46,49,178,55,2026-03-22 14:22:00,14,6,131.8,173.7,1
72,90,37.4,67,70,276,44,2026-03-22 14:23:00,14,6,120.8,212.5,1
72,97,39.0,62,31,560,5,2026-03-22 14:24:00,14,6,79.1,242.7,1
62,88,36.2,50,97,113,70,2026-03-22 14:25:00,14,6,137.1,187.9,1
61,88,36.3,63,75,205,27,2026-03-22 14:26:00,14,6,112.4,197.6,1
100,86,38.6,73,51,299,79,2026-03-22 14:27:00,14,6,150.2,209.2,1
123,96,36.1,60,36,215,52,2026-03-22 14:28:00,14,6,138.0,170.4,1
91,88,37.2,30,31,494,45,2026-03-22 14:29:00,14,6,119.8,209.9,1
101,88,36.4,50,39,449,69,2026-03-22 14:30:00,14,6,139.0,214.9,1
105,89,36.1,50,30,142,34,2026-03-22 14:31:00,14,6,125.7,146.6,1
120,96,35.7,64,93,235,48,2026-03-22 14:32:00,14,6,162.9,215.5,1
111,89,38.5,39,67,369,35,2026-03-22 14:33:00,14,6,149.3,217.2,1
105,85,35.6,70,45,412,70,2026-03-22 14:34:00,14,6,150.0,220.1,1
108,87,36.4,31,96,482,35,2026-03-22 14:35:00,14,6,164.4,251.9,1
121,96,39.4,88,70,141,38,2026-03-22 14:36:00,14,6,149.2,200.0,1
115,96,37.9,33,53,332,38,2026-03-22 14:37:00,14,6,135.9,195.8,1
119,87,37.6,56,93,283,65,2026-03-22 14:38:00,14,6,180.7,224.9,1
126,89,37.2,81,69,537,66,2026-03-22 14:39:00,14,6,171.6,270.6,1
73,94,39.7,88,36,368,66,2026-03-22 14:40:00,14,6,105.2,222.2,1
72,88,37.5,37,63,597,66,2026-03-22 14:41:00,14,6,126.9,257.0,1
109,98,38.0,31,92,129,5,2026-03-22 14:42:00,14,6,137.7,181.7,1
115,99,38.6,43,69,267,20,2026-03-22 14:43:00,14,6,134.0,200.4,1
112,92,36.9,62,63,415,57,2026-03-22 14:44:00,14,6,150.2,231.9,1
76,94,38.6,79,69,508,19,2026-03-22 14:45:00,14,6,110.0,266.6,1
114,91,39.4,45,74,305,26,2026-03-22 14:46:00,14,6,149.5,214.1,1
81,87,37.8,80,33,103,42,2026-03-22 14:47:00,14,6,113.4,159.3,1
123,93,40.1,39,99,557,15,2026-03-22 14:48:00,14,6,162.9,280.4,1
109,86,35.8,42,67,394,75,2026-03-22 14:49:00,14,6,164.2,218.3,1
123,94,36.0,45,93,352,76,2026-03-22 14:50:00,14,6,176.7,230.0,1
122,91,40.2,75,69,367,28,2026-03-22 14:51:00,14,6,154.0,239.6,1
127,96,40.4,40,59,545,74,2026-03-22 14:52:00,14,6,159.3,251.1,1
80,96,37.3,64,58,225,7,2026-03-22 14:53:00,14,6,101.1,192.2,1
80,96,40.2,81,97,172,66,2026-03-22 14:54:00,14,6,138.3,223.2,1
61,93,37.4,33,71,566,9,2026-03-22 14:55:00,14,6,97.5,254.2,1
119,89,39.5,61,62,174,20,2026-03-22 14:56:00,14,6,148.7,187.7,1
111,87,36.6,37,86,364,14,2026-03-22 14:57:00,14,6,155.5,224.7,1
99,89,39.9,79,78,456,37,2026-03-22 14:58:00,14,6,145.8,265.1,1
116,94,37.6,40,92,109,31,2026-03-22 14:59:00,14,6,157.1,181.4,1
95,86,40.2,49,46,554,38,2026-03-22 15:00:00,15,6,131.4,247.9,1
62,94,38.6,49,94,111,59,2026-03-22 15:01:00,15,6,123.3,189.7,1
109,91,38.8,57,96,219,60,2026-03-22 15:02:00,15,6,166.7,217.1,1
115,87,37.5,51,99,337,50,2026-03-22 15:03:00,15,6,176.0,237.2,1
84,90,36.3,58,31,595,36,2026-03-22 15:04:00,15,6,108.5,242.3,1
61,96,40.0,56,93,265,5,2026-03-22 15:05:00,15,6,102.8,226.1,1
86,86,40.1,89,87,192,13,2026-03-22 15:06:00,15,6,137.2,224.0,1
121,97,40.2,46,52,161,17,2026-03-22 15:07:00,15,6,132.4,172.0,1
67,94,39.8,31,81,524,53,2026-03-22 15:08:00,15,6,119.0,256.6,1
78,92,38.8,34,91,326,67,2026-03-22 15:09:00,15,6,140.0,223.5,1
77,97,38.6,55,99,470,26,2026-03-22 15:10:00,15,6,123.4,268.0,1
95,97,40.4,47,37,137,79,2026-03-22 15:11:00,15,6,122.7,157.6,1
73,98,37.2,84,60,438,53,2026-03-22 15:12:00,15,6,107.3,246.0,1
76,91,39.3,51,91,289,27,2026-03-22 15:13:00,15,6,127.9,225.6,1
120,99,40.0,75,49,575,59,2026-03-22 15:14:00,15,6,139.7,266.8,1
127,94,39.7,75,91,328,31,2026-03-22 15:15:00,15,6,165.4,246.2,1
120,96,39.9,60,99,369,49,2026-03-22 15:16:00,15,6,166.2,252.9,1
120,96,36.0,38,59,119,63,2026-03-22 15:17:00,15,6,150.4,156.1,1
87,86,39.1,77,84,341,59,2026-03-22 15:18:00,15,6,150.3,243.7,1
129,95,38.0,32,55,556,52,2026-03-22 15:19:00,15,6,153.8,241.7,1
63,85,38.6,74,47,383,41,2026-03-22 15:20:00,15,6,108.7,223.7,1
114,87,39.8,69,77,327,32,2026-03-22 15:21:00,15,6,158.8,233.4,1
76,93,40.3,31,64,222,41,2026-03-22 15:22:00,15,6,115.6,185.3,1
105,93,35.8,41,86,529,32,2026-03-22 15:23:00,15,6,147.1,258.1,1
128,99,37.0,55,41,404,75,2026-03-22 15:24:00,15,6,146.9,211.0,1
123,88,35.6,33,69,261,63,2026-03-22 15:25:00,15,6,169.8,188.2,1
63,91,39.2,36,41,205,12,2026-03-22 15:26:00,15,6,88.0,166.1,1
67,88,38.9,45,39,556,37,2026-03-22 15:27:00,15,6,102.2,238.8,1
117,95,39.1,57,50,206,51,2026-03-22 15:28:00,15,6,141.4,182.9,1
107,86,40.0,86,49,424,39,2026-03-22 15:29:00,15,6,142.8,242.1,1
77,96,40.2,76,92,237,37,2026-03-22 15:30:00,15,6,124.7,230.2,1
101,92,35.6,36,43,439,52,2026-03-22 15:31:00,15,6,129.9,207.1,1
93,99,36.6,39,89,385,71,2026-03-22 15:32:00,15,6,141.7,232.0,1
68,98,39.1,73,77,400,14,2026-03-22 15:33:00,15,6,100.1,248.6,1
76,88,39.2,42,58,402,21,2026-03-22 15:34:00,15,6,114.1,220.4,1
102,99,40.2,35,93,577,65,2026-03-22 15:35:00,15,6,149.1,278.4,1
91,89,39.8,53,39,111,69,2026-03-22 15:36:00,15,6,129.5,155.6,1
97,90,38.8,41,69,589,21,2026-03-22 15:37:00,15,6,133.4,264.2,1
91,93,37.9,57,61,428,73,2026-03-22 15:38:00,15,6,135.7,232.6,1
81,92,39.2,70,43,443,6,2026-03-22 15:39:00,15,6,100.1,232.1,1
108,91,37.9,75,89,426,11,2026-03-22 15:40:00,15,6,147.7,260.8,1
87,97,40.1,48,61,168,59,2026-03-22 15:41:00,15,6,122.3,180.5,1
69,88,40.4,72,58,399,8,2026-03-22 15:42:00,15,6,104.6,237.2,1
88,96,39.4,74,89,440,60,2026-03-22 15:43:00,15,6,138.9,266.1,1
98,97,37.5,86,54,475,10,2026-03-22 15:44:00,15,6,112.9,250.8,1
77,90,37.6,54,95,219,30,2026-03-22 15:45:00,15,6,133.1,212.5,1
100,98,37.6,42,51,565,18,2026-03-22 15:46:00,15,6,113.9,244.9,1
78,86,37.5,82,41,395,42,2026-03-22 15:47:00,15,6,116.5,223.7,1
77,98,40.1,72,30,463,43,2026-03-22 15:48:00,15,6,92.5,229.8,1
97,92,35.7,61,56,560,60,2026-03-22 15:49:00,15,6,135.6,253.1,1
61,94,38.2,63,60,489,69,2026-03-22 15:50:00,15,6,108.5,247.7,1
124,96,36.0,87,80,207,17,2026-03-22 15:51:00,15,6,150.3,212.9,1
60,92,40.2,67,93,503,11,2026-03-22 15:52:00,15,6,109.8,279.6,1
85,95,36.6,66,62,276,26,2026-03-22 15:53:00,15,6,114.3,204.8,1
127,89,37.1,75,46,202,78,2026-03-22 15:54:00,15,6,164.5,184.3,1
65,93,35.8,80,33,472,36,2026-03-22 15:55:00,15,6,89.8,229.1,1
89,94,37.3,80,31,448,51,2026-03-22 15:56:00,15,6,111.0,225.9,1
82,86,39.5,66,49,481,21,2026-03-22 15:57:00,15,6,117.4,242.5,1
88,87,39.0,57,65,396,66,2026-03-22 15:58:00,15,6,142.2,231.2,1
77,86,37.2,49,45,303,78,2026-03-22 15:59:00,15,6,128.5,191.0,1
121,86,39.0,61,94,310,26,2026-03-22 16:00:00,16,6,172.6,236.3,1
71,96,36.9,45,63,453,25,2026-03-22 16:01:00,16,6,101.8,231.0,1
66,99,38.3,58,83,310,50,2026-03-22 16:02:00,16,6,110.8,225.7,1
121,86,38.6,74,58,295,10,2026-03-22 16:03:00,16,6,149.8,213.8,1
62,94,38.2,72,65,127,79,2026-03-22 16:04:00,16,6,114.8,183.3,1
93,99,40.3,89,62,218,46,2026-03-22 16:05:00,16,6,120.7,212.1,1
91,87,35.6,36,31,155,74,2026-03-22 16:06:00,16,6,130.0,141.9,1
99,85,40.0,54,82,479,69,2026-03-22 16:07:00,16,6,163.4,260.2,1
63,85,38.6,66,80,422,43,2026-03-22 16:08:00,16,6,125.8,250.6,1
94,94,35.9,76,72,485,23,2026-03-22 16:09:00,16,6,127.1,257.2,1
102,86,36.8,56,55,218,47,2026-03-22 16:10:00,16,6,144.2,183.7,1
102,94,36.4,88,39,162,5,2026-03-22 16:11:00,16,6,111.6,176.5,1
88,87,39.3,80,51,256,13,2026-03-22 16:12:00,16,6,119.3,205.5,1
85,89,35.7,73,73,509,69,2026-03-22 16:13:00,16,6,141.7,260.8,1
117,97,40.2,42,35,503,56,2026-03-22 16:14:00,16,6,132.4,226.5,1
106,87,35.9,38,90,317,35,2026-03-22 16:15:00,16,6,159.8,217.2,1
118,95,40.3,64,50,331,42,2026-03-22 16:16:00,16,6,139.5,213.8,1
93,98,38.6,33,30,460,65,2026-03-22 16:17:00,16,6,111.9,206.7,1
117,98,39.9,67,95,434,41,2026-03-22 16:18:00,16,6,156.4,266.6,1
109,93,39.9,71,58,142,7,2026-03-22 16:19:00,16,6,128.8,184.3,1
86,91,37.5,64,57,575,75,2026-03-22 16:20:00,16,6,133.3,261.9,1
119,92,40.1,45,68,519,13,2026-03-22 16:21:00,16,6,145.1,254.1,1
129,91,36.8,30,40,553,31,2026-03-22 16:22:00,16,6,146.0,227.2,1
101,96,40.1,72,54,542,58,2026-03-22 16:23:00,16,6,131.2,262.4,1
108,89,36.8,52,60,187,68,2026-03-22 16:24:00,16,6,153.3,179.0,1
84,87,38.8,52,82,521,55,2026-03-22 16:25:00,16,6,144.2,265.2,1
77,85,40.0,51,97,376,27,2026-03-22 16:26:00,16,6,140.7,248.6,1
114,90,37.2,43,47,341,38,2026-03-22 16:27:00,16,6,141.1,197.0,1
62,95,39.7,72,97,193,29,2026-03-22 16:28:00,16,6,114.3,221.9,1
75,90,40.0,41,33,122,64,2026-03-22 16:29:00,16,6,110.7,148.0,1
81,98,39.1,87,70,514,5,2026-03-22 16:30:00,16,6,104.3,273.5,1
73,85,37.0,73,48,510,27,2026-03-22 16:31:00,16,6,113.0,246.1,1
72,97,40.2,88,51,424,63,2026-03-22 16:32:00,16,6,106.5,244.9,1
96,98,37.7,47,66,450,57,2026-03-22 16:33:00,16,6,129.9,235.1,1
88,89,39.4,77,49,328,79,2026-03-22 16:34:00,16,6,135.1,217.2,1
68,99,39.7,39,86,280,57,2026-03-22 16:35:00,16,6,116.0,215.1,1
74,86,36.3,46,48,100,24,2026-03-22 16:36:00,16,6,111.4,149.2,1
68,89,36.4,33,78,101,44,2026-03-22 16:37:00,16,6,123.1,164.1,1
126,93,38.9,69,64,194,62,2026-03-22 16:38:00,16,6,161.9,195.9,1
102,85,35.7,86,77,571,76,2026-03-22 16:39:00,16,6,165.4,282.5,1
121,97,37.9,73,70,269,27,2026-03-22 16:40:00,16,6,144.4,215.1,1
114,99,39.3,38,32,138,49,2026-03-22 16:41:00,16,6,123.4,147.6,1
94,89,38.9,32,99,549,37,2026-03-22 16:42:00,16,6,152.3,272.9,1
122,91,36.6,87,89,233,21,2026-03-22 16:43:00,16,6,161.9,225.6,1
126,87,40.3,35,52,530,54,2026-03-22 16:44:00,16,6,162.5,240.5,1
110,97,36.2,67,71,296,21,2026-03-22 16:45:00,16,6,134.3,214.8,1
128,91,38.0,79,80,224,18,2026-03-22 16:46:00,16,6,161.3,216.3,1
106,94,39.9,64,64,475,43,2026-03-22 16:47:00,16,6,138.7,251.6,1
65,86,38.0,40,35,366,62,2026-03-22 16:48:00,16,6,109.1,193.7,1
90,86,36.4,48,52,574,76,2026-03-22 16:49:00,16,6,141.8,248.0,1
120,92,38.7,73,70,169,78,2026-03-22 16:50:00,16,6,166.4,196.7,1
62,91,37.4,45,41,151,31,2026-03-22 16:51:00,16,6,92.9,156.2,1
65,96,36.3,80,38,392,29,2026-03-22 16:52:00,16,6,85.7,217.6,1
117,86,38.9,60,94,337,61,2026-03-22 16:53:00,16,6,179.9,241.0,1
110,92,37.7,69,31,335,26,2026-03-22 16:54:00,16,6,123.3,198.6,1
104,94,39.6,66,90,475,14,2026-03-22 16:55:00,16,6,141.4,270.2,1
114,95,39.4,81,98,221,75,2026-03-22 16:56:00,16,6,170.2,232.1,1
98,85,37.7,44,75,531,37,2026-03-22 16:57:00,16,6,149.5,256.1,1
84,91,36.8,39,87,308,19,2026-03-22 16:58:00,16,6,129.9,215.6,1
85,92,39.0,83,87,340,74,2026-03-22 16:59:00,16,6,145.7,248.4,1
66,89,36.9,75,55,340,74,2026-03-22 17:00:00,17,6,119.0,217.8,1
77,95,36.9,57,85,445,37,2026-03-22 17:01:00,17,6,122.7,250.8,1
120,96,38.6,41,36,210,5,2026-03-22 17:02:00,17,6,121.5,164.9,1
124,86,38.3,64,82,528,18,2026-03-22 17:03:00,17,6,166.6,271.6,1
97,90,39.3,80,36,417,10,2026-03-22 17:04:00,17,6,113.6,227.2,1
115,96,36.1,85,79,595,48,2026-03-22 17:05:00,17,6,151.9,289.0,1
78,94,38.5,57,92,533,60,2026-03-22 17:06:00,17,6,135.4,276.5,1
117,87,36.2,87,91,235,63,2026-03-22 17:07:00,17,6,177.5,226.6,1
121,96,35.6,61,82,412,24,2026-03-22 17:08:00,17,6,151.0,241.5,1
86,96,39.0,53,79,529,48,2026-03-22 17:09:00,17,6,128.7,265.6,1
73,97,39.8,66,96,549,59,2026-03-22 17:10:00,17,6,128.6,289.6,1
109,92,37.2,36,94,361,77,2026-03-22 17:11:00,17,6,169.3,230.4,1
105,89,40.1,59,92,517,11,2026-03-22 17:12:00,17,6,149.8,277.5,1
77,90,36.6,68,84,441,61,2026-03-22 17:13:00,17,6,136.9,254.2,1
113,94,37.3,57,31,475,67,2026-03-22 17:14:00,17,6,135.0,219.8,1
103,98,39.1,46,80,177,72,2026-03-22 17:15:00,17,6,147.0,192.6,1
70,89,35.7,60,39,281,63,2026-03-22 17:16:00,17,6,110.9,184.9,1
124,91,39.8,79,69,310,67,2026-03-22 17:17:00,17,6,167.3,229.4,1
67,98,39.0,39,70,505,43,2026-03-22 17:18:00,17,6,104.5,247.5,1
114,89,35.5,38,92,449,6,2026-03-22 17:19:00,17,6,155.5,244.2,1
97,88,39.9,43,97,279,56,2026-03-22 17:20:00,17,6,160.9,225.0,1
87,99,40.3,69,98,597,58,2026-03-22 17:21:00,17,6,137.5,303.1,1
84,97,40.0,83,36,350,53,2026-03-22 17:22:00,17,6,105.6,216.7,1
80,94,37.8,31,78,383,34,2026-03-22 17:23:00,17,6,122.2,222.3,1
109,97,35.9,34,58,369,8,2026-03-22 17:24:00,17,6,123.1,203.2,1
76,97,36.5,71,43,516,5,2026-03-22 17:25:00,17,6,88.3,241.8,1
104,95,36.0,75,53,355,34,2026-03-22 17:26:00,17,6,127.4,217.6,1
114,95,38.7,57,96,515,17,2026-03-22 17:27:00,17,6,151.8,276.1,1
82,87,38.5,47,76,521,44,2026-03-22 17:28:00,17,6,136.3,257.9,1
96,94,38.7,55,56,427,6,2026-03-22 17:29:00,17,6,115.6,229.5,1
64,93,37.3,53,67,176,5,2026-03-22 17:30:00,17,6,96.7,183.2,1
84,88,36.8,54,44,313,41,2026-03-22 17:31:00,17,6,119.5,194.0,1
83,90,39.2,48,39,494,30,2026-03-22 17:32:00,17,6,109.9,228.5,1
76,87,37.8,48,31,139,51,2026-03-22 17:33:00,17,6,111.1,149.1,1
124,85,40.2,80,87,410,75,2026-03-22 17:34:00,17,6,187.7,263.3,1
113,98,38.0,38,83,146,19,2026-03-22 17:35:00,17,6,140.6,182.3,1
97,97,38.4,60,47,470,58,2026-03-22 17:36:00,17,6,123.0,233.7,1
93,87,37.8,53,43,221,50,2026-03-22 17:37:00,17,6,130.4,176.4,1
116,94,36.8,84,39,337,28,2026-03-22 17:38:00,17,6,129.7,210.3,1
97,99,38.7,34,89,223,64,2026-03-22 17:39:00,17,6,142.8,201.3,1
100,89,36.0,67,49,164,43,2026-03-22 17:40:00,17,6,133.9,172.6,1
65,88,38.1,44,65,327,21,2026-03-22 17:41:00,17,6,108.8,209.1,1
65,89,37.0,78,52,342,39,2026-03-22 17:42:00,17,6,106.2,217.8,1
68,91,39.1,70,69,549,5,2026-03-22 17:43:00,17,6,103.9,271.3,1
86,95,36.5,76,74,410,27,2026-03-22 17:44:00,17,6,121.4,244.8,1
73,89,36.4,30,69,214,30,2026-03-22 17:45:00,17,6,118.4,178.9,1
112,91,40.4,65,95,456,30,2026-03-22 17:46:00,17,6,159.6,271.0,1
89,87,36.8,83,43,101,11,2026-03-22 17:47:00,17,6,115.5,165.4,1
84,89,37.5,54,97,167,79,2026-03-22 17:48:00,17,6,155.9,203.3,1
92,89,36.8,76,50,390,17,2026-03-22 17:49:00,17,6,120.2,224.6,1
116,98,36.7,84,99,275,11,2026-03-22 17:50:00,17,6,148.6,239.7,1
86,99,37.4,51,75,357,55,2026-03-22 17:51:00,17,6,124.3,224.2,1
111,98,37.5,49,51,573,62,2026-03-22 17:52:00,17,6,135.9,249.8,1
68,99,35.8,81,91,383,33,2026-03-22 17:53:00,17,6,111.3,252.4,1
107,88,37.5,40,66,573,75,2026-03-22 17:54:00,17,6,159.1,255.8,1
121,92,36.0,59,92,581,31,2026-03-22 17:55:00,17,6,164.1,282.1,1
107,94,38.4,68,86,498,64,2026-03-22 17:56:00,17,6,156.8,270.6,1
119,85,37.5,69,32,472,55,2026-03-22 17:57:00,17,6,150.2,226.3,1
89,86,37.8,34,59,127,31,2026-03-22 17:58:00,17,6,131.0,159.3,1
86,89,39.2,37,63,380,26,2026-03-22 17:59:00,17,6,124.6,217.0,1
100,92,39.6,75,78,256,39,2026-03-22 18:00:00,18,6,142.7,222.5,1
120,91,39.6,37,40,143,5,2026-03-22 18:01:00,18,6,131.0,154.3,1
117,88,36.6,46,86,344,45,2026-03-22 18:02:00,18,6,168.1,225.2,1
105,93,39.5,41,96,551,67,2026-03-22 18:03:00,18,6,162.6,276.9,1
79,96,39.1,43,37,314,55,2026-03-22 18:04:00,18,6,104.2,188.4,1
108,95,36.4,86,36,450,56,2026-03-22 18:05:00,18,6,128.7,231.0,1
120,97,38.8,62,49,452,79,2026-03-22 18:06:00,18,6,148.7,233.3,1
111,95,36.3,62,45,255,25,2026-03-22 18:07:00,18,6,126.3,186.1,1
128,95,35.6,74,90,108,13,2026-03-22 18:08:00,18,6,158.8,192.8,1
99,95,36.0,48,87,529,58,2026-03-22 18:09:00,18,6,147.6,262.7,1
88,93,38.0,36,33,543,67,2026-03-22 18:10:00,18,6,117.5,225.7,1
105,99,37.0,34,78,110,46,2026-03-22 18:11:00,18,6,138.3,167.6,1
100,97,39.6,53,60,586,50,2026-03-22 18:12:00,18,6,129.5,264.9,1
122,92,36.2,85,81,593,51,2026-03-22 18:13:00,18,6,165.4,290.2,1
127,94,36.1,49,64,276,25,2026-03-22 18:14:00,18,6,150.1,196.7,1
117,96,39.7,41,98,578,6,2026-03-22 18:15:00,18,6,150.4,284.1,1
112,90,39.6,89,92,197,44,2026-03-22 18:16:00,18,6,163.8,227.5,1
110,90,36.7,79,37,172,13,2026-03-22 18:17:00,18,6,125.4,173.2,1
108,91,38.7,53,87,499,60,2026-03-22 18:18:00,18,6,161.4,264.6,1
113,95,37.0,50,97,392,62,2026-03-22 18:19:00,18,6,165.0,245.3,1
101,94,35.6,54,77,242,35,2026-03-22 18:20:00,18,6,138.8,200.5,1
115,94,37.2,68,85,314,16,2026-03-22 18:21:00,18,6,148.3,230.7,1
122,97,37.0,87,66,368,66,2026-03-22 18:22:00,18,6,154.9,237.3,1
116,92,39.8,31,42,130,6,2026-03-22 18:23:00,18,6,127.6,150.5,1
86,86,37.2,42,43,361,67,2026-03-22 18:24:00,18,6,131.4,197.7,1
60,90,38.2,45,59,292,34,2026-03-22 18:25:00,18,6,102.7,198.6,1
79,86,38.8,71,52,176,18,2026-03-22 18:26:00,18,6,115.6,184.7,1
91,88,37.5,40,80,275,13,2026-03-22 18:27:00,18,6,134.7,206.0,1
120,93,39.2,34,31,210,78,2026-03-22 18:28:00,18,6,145.4,159.1,1
103,89,36.8,84,65,358,61,2026-03-22 18:29:00,18,6,149.7,232.7,1
118,86,38.6,41,39,561,19,2026-03-22 18:30:00,18,6,140.6,237.2,1
78,87,39.4,52,80,322,14,2026-03-22 18:31:00,18,6,126.1,225.2,1
80,99,39.3,77,68,197,59,2026-03-22 18:32:00,18,6,117.2,204.1,1
99,96,39.1,40,37,200,33,2026-03-22 18:33:00,18,6,113.6,164.1,1
117,94,38.3,86,44,396,35,2026-03-22 18:34:00,18,6,135.1,229.6,1
74,93,37.2,56,98,488,32,2026-03-22 18:35:00,18,6,128.3,268.6,1
70,93,35.9,55,83,438,52,2026-03-22 18:36:00,18,6,123.6,245.0,1
111,96,37.3,51,40,469,60,2026-03-22 18:37:00,18,6,132.8,221.9,1
111,86,37.7,59,98,501,33,2026-03-22 18:38:00,18,6,168.7,273.7,1
60,89,40.2,74,40,424,44,2026-03-22 18:39:00,18,6,97.7,230.2,1
122,91,38.1,49,89,237,26,2026-03-22 18:40:00,18,6,163.4,210.4,1
73,96,40.2,55,90,277,73,2026-03-22 18:41:00,18,6,131.3,226.3,1
121,94,38.9,82,90,275,72,2026-03-22 18:42:00,18,6,172.4,236.8,1
118,91,40.1,50,95,434,24,2026-03-22 18:43:00,18,6,162.6,258.5,1
114,89,39.7,46,61,593,22,2026-03-22 18:44:00,18,6,144.8,263.7,1
100,89,38.7,85,50,426,43,2026-03-22 18:45:00,18,6,134.4,240.1,1
63,88,35.6,56,65,360,48,2026-03-22 18:46:00,18,6,115.3,216.7,1
73,88,39.0,62,49,178,33,2026-03-22 18:47:00,18,6,110.8,178.9,1
129,86,35.5,79,47,204,47,2026-03-22 18:48:00,18,6,161.8,184.2,1
80,97,36.3,45,93,593,52,2026-03-22 18:49:00,18,6,130.6,278.8,1
82,99,39.6,76,58,589,10,2026-03-22 18:50:00,18,6,99.1,275.6,1
65,98,38.1,62,81,330,45,2026-03-22 18:51:00,18,6,109.0,229.9,1
83,85,39.8,55,96,376,50,2026-03-22 18:52:00,18,6,151.9,249.5,1
70,92,38.9,60,58,220,47,2026-03-22 18:53:00,18,6,111.1,192.4,1
109,85,36.8,72,73,451,8,2026-03-22 18:54:00,18,6,148.6,250.9,1
66,89,36.4,31,42,164,64,2026-03-22 18:55:00,18,6,109.5,150.5,1
75,92,35.7,88,88,550,7,2026-03-22 18:56:00,18,6,118.1,287.0,1
128,98,39.5,48,37,408,40,2026-03-22 18:57:00,18,6,135.9,210.5,1
121,88,39.9,50,30,319,39,2026-03-22 18:58:00,18,6,141.5,189.6,1
70,98,38.7,67,56,217,75,2026-03-22 18:59:00,18,6,109.5,193.5,1
80,90,36.2,45,90,370,20,2026-03-22 19:00:00,19,6,130.0,231.9,1
74,90,35.6,80,86,237,73,2026-03-22 19:01:00,19,6,139.1,218.8,1
63,92,36.8,79,73,290,40,2026-03-22 19:02:00,19,6,110.9,222.2,1
82,88,39.2,54,37,130,44,2026-03-22 19:03:00,19,6,115.3,157.3,1
122,91,40.4,75,93,241,5,2026-03-22 19:04:00,19,6,159.1,231.6,1
75,89,37.6,65,80,472,20,2026-03-22 19:05:00,19,6,122.5,258.1,1
106,86,36.2,89,72,457,51,2026-03-22 19:06:00,19,6,157.1,258.7,1
76,87,37.8,46,82,553,11,2026-03-22 19:07:00,19,6,124.6,266.6,1
107,89,38.9,82,40,187,74,2026-03-22 19:08:00,19,6,144.3,184.2,1
121,88,35.9,78,35,412,29,2026-03-22 19:09:00,19,6,141.0,217.7,1
104,87,39.1,81,30,188,49,2026-03-22 19:10:00,19,6,132.4,177.3,1
93,85,38.7,85,53,314,57,2026-03-22 19:11:00,19,6,140.5,219.8,1
105,90,37.0,86,35,568,63,2026-03-22 19:12:00,19,6,135.4,255.1,1
97,95,37.2,76,55,407,64,2026-03-22 19:13:00,19,6,131.8,232.3,1
60,91,38.5,30,92,370,28,2026-03-22 19:14:00,19,6,115.9,230.4,1
86,96,38.4,83,38,455,53,2026-03-22 19:15:00,19,6,109.7,235.9,1
80,97,38.7,31,80,598,33,2026-03-22 19:16:00,19,6,118.4,268.5,1
120,88,39.0,48,45,586,42,2026-03-22 19:17:00,19,6,149.1,250.7,1
102,99,37.1,32,60,357,33,2026-03-22 19:18:00,19,6,123.0,203.6,1
60,87,40.5,68,99,317,25,2026-03-22 19:19:00,19,6,124.5,247.7,1
96,98,37.9,63,54,182,5,2026-03-22 19:20:00,19,6,108.3,181.5,1
109,89,39.2,55,39,528,63,2026-03-22 19:21:00,19,6,142.1,238.8,1
93,92,36.7,40,77,174,32,2026-03-22 19:22:00,19,6,134.5,182.1,1
116,86,36.4,40,48,189,21,2026-03-22 19:23:00,19,6,144.1,164.2,1
68,89,36.4,77,38,141,78,2026-03-22 19:24:00,19,6,113.3,166.1,1
89,96,39.2,56,70,354,58,2026-03-22 19:25:00,19,6,129.6,226.2,1
68,87,39.8,32,92,451,39,2026-03-22 19:26:00,19,6,131.6,250.2,1
119,96,40.3,55,88,235,17,2026-03-22 19:27:00,19,6,150.3,216.7,1
73,91,36.9,78,65,236,23,2026-03-22 19:28:00,19,6,111.3,205.5,1
65,96,36.2,41,61,378,70,2026-03-22 19:29:00,19,6,109.5,211.2,1
115,99,38.4,32,65,100,56,2026-03-22 19:30:00,19,6,142.8,158.3,1
86,99,39.1,45,80,159,21,2026-03-22 19:31:00,19,6,116.6,188.5,1
85,97,35.7,49,67,249,42,2026-03-22 19:32:00,19,6,118.6,192.6,1
124,93,36.7,82,38,306,54,2026-03-22 19:33:00,19,6,144.9,202.2,1
115,89,37.0,55,51,532,32,2026-03-22 19:34:00,19,6,143.6,243.6,1
108,86,40.4,75,53,539,35,2026-03-22 19:35:00,19,6,144.4,263.2,1
112,96,36.6,37,76,197,61,2026-03-22 19:36:00,19,6,151.9,184.3,1
93,93,38.7,74,80,279,70,2026-03-22 19:37:00,19,6,145.9,226.2,1
117,95,37.6,67,54,230,23,2026-03-22 19:38:00,19,6,135.0,192.5,1
81,95,37.4,50,65,135,71,2026-03-22 19:39:00,19,6,126.1,172.3,1
67,99,35.9,50,57,341,41,2026-03-22 19:40:00,19,6,95.9,204.9,1
82,93,37.0,40,64,143,72,2026-03-22 19:41:00,19,6,129.7,167.4,1
87,86,35.7,79,55,384,37,2026-03-22 19:42:00,19,6,129.2,226.2,1
117,93,39.3,78,54,424,43,2026-03-22 19:43:00,19,6,144.0,240.2,1
68,95,40.3,69,81,183,79,2026-03-22 19:44:00,19,6,126.1,208.4,1
109,86,39.3,35,68,242,35,2026-03-22 19:45:00,19,6,152.7,192.1,1
125,85,39.2,76,34,430,29,2026-03-22 19:46:00,19,6,148.2,226.2,1
106,85,36.4,66,75,187,41,2026-03-22 19:47:00,19,6,157.1,195.7,1
97,88,37.0,53,72,106,31,2026-03-22 19:48:00,19,6,140.9,172.1,1
110,85,38.2,67,77,278,20,2026-03-22 19:49:00,19,6,155.0,219.4,1
97,97,39.0,51,63,111,18,2026-03-22 19:50:00,19,6,119.0,169.8,1
97,99,35.9,32,97,581,52,2026-03-22 19:51:00,19,6,143.2,271.9,1
97,94,37.2,44,55,540,9,2026-03-22 19:52:00,19,6,116.8,242.9,1
119,91,39.2,75,99,575,5,2026-03-22 19:53:00,19,6,159.7,300.2,1
88,94,38.0,42,70,336,51,2026-03-22 19:54:00,19,6,129.7,213.2,1
63,97,36.2,56,46,596,20,2026-03-22 19:55:00,19,6,83.9,251.8,1
87,97,37.6,72,55,226,18,2026-03-22 19:56:00,19,6,107.0,194.9,1
92,94,35.7,88,90,170,75,2026-03-22 19:57:00,19,6,150.1,212.4,1
103,88,37.7,78,38,252,41,2026-03-22 19:58:00,19,6,131.7,191.4,1
110,89,36.0,61,66,548,68,2026-03-22 19:59:00,19,6,157.9,258.3,1
71,94,37.6,43,81,422,43,2026-03-22 20:00:00,20,6,119.2,237.8,1
82,85,36.1,43,63,398,75,2026-03-22 20:01:00,20,6,142.1,217.4,1
105,96,38.7,41,89,377,26,2026-03-22 20:02:00,20,6,142.3,235.6,1
68,86,37.2,32,31,231,62,2026-03-22 20:03:00,20,6,109.5,158.3,1
91,85,35.6,57,90,508,66,2026-03-22 20:04:00,20,6,160.1,264.3,1
87,86,37.5,59,83,124,41,2026-03-22 20:05:00,20,6,144.4,187.4,1
116,94,40.2,59,71,475,17,2026-03-22 20:06:00,20,6,142.4,254.6,1
86,92,38.0,57,85,355,44,2026-03-22 20:07:00,20,6,136.5,235.0,1
126,94,35.8,48,77,513,31,2026-03-22 20:08:00,20,6,157.6,252.1,1
86,98,38.5,80,79,311,47,2026-03-22 20:09:00,20,6,125.4,234.5,1
64,94,39.5,39,39,490,71,2026-03-22 20:10:00,20,6,101.0,223.8,1
104,85,36.8,79,41,407,44,2026-03-22 20:11:00,20,6,139.4,223.2,1
72,96,35.8,77,72,427,68,2026-03-22 20:12:00,20,6,120.0,245.9,1
72,98,38.2,45,98,239,24,2026-03-22 20:13:00,20,6,116.8,215.3,1
113,98,39.5,33,46,205,76,2026-03-22 20:14:00,20,6,139.2,168.7,1
103,91,39.9,69,63,446,42,2026-03-22 20:15:00,20,6,140.0,247.6,1
127,89,37.8,46,38,179,24,2026-03-22 20:16:00,20,6,144.3,161.0,1
80,95,39.4,81,60,329,32,2026-03-22 20:17:00,20,6,111.1,227.1,1
95,88,36.0,45,50,102,34,2026-03-22 20:18:00,20,6,129.2,149.9,1
68,87,40.1,81,47,528,36,2026-03-22 20:19:00,20,6,108.2,259.2,1
125,89,39.9,69,75,171,10,2026-03-22 20:20:00,20,6,157.0,201.0,1
70,91,36.8,75,32,265,25,2026-03-22 20:21:00,20,6,93.0,186.5,1
97,86,39.2,69,98,446,61,2026-03-22 20:22:00,20,6,165.9,270.7,1
129,91,35.8,44,71,384,7,2026-03-22 20:23:00,20,6,154.3,220.1,1
98,85,37.4,79,64,300,11,2026-03-22 20:24:00,20,6,136.2,219.1,1
78,92,36.1,47,30,233,62,2026-03-22 20:25:00,20,6,108.0,163.3,1
65,85,36.4,72,55,512,63,2026-03-22 20:26:00,20,6,120.9,249.7,1
77,91,38.9,37,98,463,17,2026-03-22 20:27:00,20,6,129.2,257.5,1
96,94,37.9,48,99,492,42,2026-03-22 20:28:00,20,6,147.9,267.5,1
116,96,37.1,42,42,504,77,2026-03-22 20:29:00,20,6,142.9,225.4,1
91,88,36.6,46,43,216,31,2026-03-22 20:30:00,20,6,121.6,169.5,1
63,85,35.9,78,99,485,32,2026-03-22 20:31:00,20,6,132.0,277.1,1
84,95,36.1,86,60,490,76,2026-03-22 20:32:00,20,6,127.5,255.2,1
87,89,37.5,34,98,156,71,2026-03-22 20:33:00,20,6,156.4,191.8,1
95,90,38.4,81,84,349,18,2026-03-22 20:34:00,20,6,138.4,245.9,1
84,95,40.0,39,72,285,72,2026-03-22 20:35:00,20,6,132.3,206.9,1
110,97,38.6,47,67,450,44,2026-03-22 20:36:00,20,6,139.2,237.6,1
60,86,39.3,69,63,215,66,2026-03-22 20:37:00,20,6,120.3,200.2,1
120,97,38.0,80,78,351,50,2026-03-22 20:38:00,20,6,154.5,240.8,1
70,93,37.3,36,59,582,60,2026-03-22 20:39:00,20,6,114.0,250.3,1
84,98,38.6,61,82,413,44,2026-03-22 20:40:00,20,6,124.4,247.7,1
63,99,36.0,67,37,272,34,2026-03-22 20:41:00,20,6,80.6,185.8,1
77,91,36.5,38,69,592,50,2026-03-22 20:42:00,20,6,124.6,258.7,1
83,93,39.3,47,99,188,62,2026-03-22 20:43:00,20,6,145.0,209.0,1
107,92,38.8,52,76,366,76,2026-03-22 20:44:00,20,6,158.4,230.0,1
69,93,40.4,39,73,154,49,2026-03-22 20:45:00,20,6,116.9,182.2,1
129,99,37.2,35,34,220,27,2026-03-22 20:46:00,20,6,129.8,159.7,1
87,89,38.3,46,86,193,69,2026-03-22 20:47:00,20,6,149.8,198.4,1
105,86,37.6,74,40,173,58,2026-03-22 20:48:00,20,6,142.4,174.8,1
107,92,39.8,59,59,407,20,2026-03-22 20:49:00,20,6,133.1,231.8,1
94,93,38.0,39,82,189,46,2026-03-22 20:50:00,20,6,140.5,190.7,1
118,87,38.6,86,80,389,43,2026-03-22 20:51:00,20,6,166.8,254.0,1
92,94,38.9,50,32,222,61,2026-03-22 20:52:00,20,6,116.9,169.6,1
104,87,36.6,35,32,392,16,2026-03-22 20:53:00,20,6,123.5,191.5,1
71,99,36.9,40,63,275,26,2026-03-22 20:54:00,20,6,97.6,192.9,1
70,89,37.8,63,86,482,47,2026-03-22 20:55:00,20,6,129.6,263.7,1
101,87,38.1,69,84,277,45,2026-03-22 20:56:00,20,6,155.8,224.9,1
93,87,39.3,43,59,125,26,2026-03-22 20:57:00,20,6,131.2,166.4,1
77,90,37.0,47,44,401,71,2026-03-22 20:58:00,20,6,119.9,208.5,1
85,98,36.1,66,75,220,21,2026-03-22 20:59:00,20,6,114.8,201.7,1
105,99,40.0,76,77,178,68,2026-03-22 21:00:00,21,6,144.4,207.5,1
91,91,35.8,60,32,190,74,2026-03-22 21:01:00,21,6,124.5,162.0,1
87,99,35.9,34,85,365,61,2026-03-22 21:02:00,21,6,131.9,221.3,1
83,95,39.5,54,53,248,69,2026-03-22 21:03:00,21,6,121.1,192.7,1
109,97,38.8,84,34,271,64,2026-03-22 21:04:00,21,6,127.9,197.6,1
114,94,39.4,49,60,434,17,2026-03-22 21:05:00,21,6,135.3,232.1,1
127,86,38.6,88,46,159,30,2026-03-22 21:06:00,21,6,154.6,185.2,1
113,96,40.4,84,77,280,44,2026-03-22 21:07:00,21,6,148.1,232.7,1
73,85,36.9,30,79,349,71,2026-03-22 21:08:00,21,6,141.7,213.9,1
99,88,37.7,81,57,415,45,2026-03-22 21:09:00,21,6,139.2,238.8,1
111,93,37.3,67,34,549,54,2026-03-22 21:10:00,21,6,132.5,241.7,1
92,91,36.3,80,91,472,79,2026-03-22 21:11:00,21,6,156.3,270.7,1
121,88,38.7,82,40,361,61,2026-03-22 21:12:00,21,6,153.1,218.6,1
106,90,37.5,75,96,535,44,2026-03-22 21:13:00,21,6,161.0,286.7,1
100,86,35.9,45,75,372,30,2026-03-22 21:14:00,21,6,147.5,221.2,1
73,92,37.3,52,94,111,58,2026-03-22 21:15:00,21,6,134.8,188.6,1
102,93,37.2,41,69,111,39,2026-03-22 21:16:00,21,6,138.3,165.4,1
93,93,38.8,36,43,550,33,2026-03-22 21:17:00,21,6,116.3,235.7,1
77,99,36.1,68,99,588,40,2026-03-22 21:18:00,21,6,124.6,293.1,1
98,85,35.5,66,39,448,72,2026-03-22 21:19:00,21,6,142.0,220.9,1
102,85,36.4,88,83,257,19,2026-03-22 21:20:00,21,6,151.3,226.3,1
68,92,35.7,69,65,526,13,2026-03-22 21:21:00,21,6,102.8,256.6,1
90,99,39.9,51,77,512,39,2026-03-22 21:22:00,21,6,123.7,261.6,1
74,88,39.0,77,95,120,38,2026-03-22 21:23:00,21,6,136.1,207.0,1
116,97,39.4,44,77,568,72,2026-03-22 21:24:00,21,6,157.4,268.3,1
82,97,40.3,38,30,167,63,2026-03-22 21:25:00,21,6,104.0,154.0,1
83,92,38.4,37,37,292,65,2026-03-22 21:26:00,21,6,116.4,179.6,1
99,92,39.7,39,48,109,30,2026-03-22 21:27:00,21,6,124.2,154.3,1
69,86,38.9,74,33,451,45,2026-03-22 21:28:00,21,6,106.2,228.1,1
113,96,39.6,69,38,474,46,2026-03-22 21:29:00,21,6,129.2,235.1,1
116,88,36.4,36,89,118,51,2026-03-22 21:30:00,21,6,170.6,176.7,1
93,87,38.3,59,58,187,49,2026-03-22 21:31:00,21,6,137.6,184.1,1
96,97,40.3,86,44,516,75,2026-03-22 21:32:00,21,6,125.8,257.6,1
76,92,39.5,32,94,231,16,2026-03-22 21:33:00,21,6,124.6,207.0,1
107,96,37.2,47,67,228,17,2026-03-22 21:34:00,21,6,130.2,190.4,1
119,92,36.5,62,36,524,17,2026-03-22 21:35:00,21,6,130.3,234.0,1
114,88,36.5,43,42,568,24,2026-03-22 21:36:00,21,6,137.4,237.5,1
127,93,35.9,41,43,563,14,2026-03-22 21:37:00,21,6,137.8,235.0,1
106,97,39.0,45,92,258,16,2026-03-22 21:38:00,21,6,140.1,216.5,1
68,96,39.0,46,92,459,79,2026-03-22 21:39:00,21,6,130.1,257.2,1
91,97,39.5,77,68,502,28,2026-03-22 21:40:00,21,6,119.7,265.5,1
78,88,36.2,34,62,427,22,2026-03-22 21:41:00,21,6,118.0,218.2,1
114,89,35.9,54,49,234,54,2026-03-22 21:42:00,21,6,148.4,179.9,1
119,88,38.3,58,55,123,41,2026-03-22 21:43:00,21,6,153.0,168.7,1
124,85,37.8,39,31,249,69,2026-03-22 21:44:00,21,6,157.9,166.6,1
110,91,38.6,66,39,563,48,2026-03-22 21:45:00,21,6,135.4,250.1,1
118,98,36.0,33,97,355,39,2026-03-22 21:46:00,21,6,157.6,227.4,1
126,85,38.5,32,60,237,15,2026-03-22 21:47:00,21,6,157.8,182.4,1
90,88,39.7,44,36,508,78,2026-03-22 21:48:00,21,6,131.4,228.2,1
67,88,39.8,77,49,396,33,2026-03-22 21:49:00,21,6,106.0,231.6,1
74,97,36.6,32,33,385,5,2026-03-22 21:50:00,21,6,81.7,189.3,1
68,95,39.0,56,78,327,14,2026-03-22 21:51:00,21,6,105.1,226.0,1
123,88,35.7,41,45,515,12,2026-03-22 21:52:00,21,6,142.5,226.4,1
103,93,40.0,53,42,419,75,2026-03-22 21:53:00,21,6,136.4,219.7,1
112,86,37.3,45,57,106,67,2026-03-22 21:54:00,21,6,159.2,158.2,1
116,93,36.1,77,54,429,5,2026-03-22 21:55:00,21,6,131.8,234.3,1
107,85,37.6,67,68,356,68,2026-03-22 21:56:00,21,6,162.5,227.5,1
119,88,39.4,38,74,339,17,2026-03-22 21:57:00,21,6,155.3,217.4,1
114,94,37.1,72,73,308,34,2026-03-22 21:58:00,21,6,146.9,222.9,1
100,93,36.0,45,51,588,60,2026-03-22 21:59:00,21,6,134.0,247.8,1
84,88,38.6,55,53,480,65,2026-03-22 22:00:00,22,6,131.2,237.8,1
62,88,36.8,40,73,236,76,2026-03-22 22:01:00,22,6,126.9,191.9,1
115,88,37.1,89,74,247,40,2026-03-22 22:02:00,22,6,159.0,219.9,1
72,96,36.3,52,40,531,40,2026-03-22 22:03:00,22,6,95.6,232.8,1
104,96,40.4,73,77,285,57,2026-03-22 22:04:00,22,6,144.8,228.2,1
63,94,40.2,70,36,107,12,2026-03-22 22:05:00,22,6,81.0,162.0,1
118,87,38.3,48,51,147,54,2026-03-22 22:06:00,22,6,155.6,165.7,1
127,96,37.8,54,55,489,13,2026-03-22 22:07:00,22,6,139.0,238.9,1
76,97,36.8,58,84,449,26,2026-03-22 22:08:00,22,6,115.1,251.2,1
125,94,39.5,57,33,164,51,2026-03-22 22:09:00,22,6,140.8,163.4,1
110,89,40.1,48,58,154,28,2026-03-22 22:10:00,22,6,141.9,175.6,1
128,95,38.4,44,57,237,47,2026-03-22 22:11:00,22,6,152.5,186.1,1
102,92,39.9,83,57,178,50,2026-03-22 22:12:00,22,6,137.1,196.8,1
98,85,38.5,42,95,122,12,2026-03-22 22:13:00,22,6,152.0,188.9,1
95,94,38.5,55,92,142,50,2026-03-22 22:14:00,22,6,146.0,197.3,1
61,85,36.8,47,75,283,26,2026-03-22 22:15:00,22,6,116.6,206.2,1
84,92,39.1,67,99,312,50,2026-03-22 22:16:00,22,6,143.7,243.4,1
92,95,37.8,67,54,572,19,2026-03-22 22:17:00,22,6,113.8,261.3,1
76,99,35.8,75,73,374,62,2026-03-22 22:18:00,22,6,117.4,235.0,1
128,87,36.4,88,63,528,30,2026-03-22 22:19:00,22,6,162.4,266.5,1
69,89,37.9,59,64,342,64,2026-03-22 22:20:00,22,6,122.9,218.5,1
70,91,36.9,75,76,131,53,2026-03-22 22:21:00,22,6,123.4,190.7,1
63,85,35.5,55,65,320,50,2026-03-22 22:22:00,22,6,120.4,208.0,1
69,93,38.6,55,68,101,29,2026-03-22 22:23:00,22,6,108.4,172.5,1
90,89,36.6,45,78,296,36,2026-03-22 22:24:00,22,6,138.3,209.5,1
121,90,35.6,61,87,134,54,2026-03-22 22:25:00,22,6,171.5,189.4,1
88,93,35.8,32,96,135,55,2026-03-22 22:26:00,22,6,145.4,181.8,1
74,94,39.1,39,38,224,65,2026-03-22 22:27:00,22,6,106.7,169.1,1
112,99,37.8,50,87,599,76,2026-03-22 22:28:00,22,6,157.4,281.3,1
60,86,36.5,33,68,286,22,2026-03-22 22:29:00,22,6,109.6,194.3,1
84,87,35.9,47,83,542,73,2026-03-22 22:30:00,22,6,150.1,261.8,1
81,87,36.4,69,60,337,55,2026-03-22 22:31:00,22,6,130.8,216.7,1
107,85,37.3,84,59,460,11,2026-03-22 22:32:00,22,6,140.9,249.9,1
89,85,39.6,37,99,333,44,2026-03-22 22:33:00,22,6,156.4,233.6,1
75,89,36.6,33,69,157,71,2026-03-22 22:34:00,22,6,132.3,169.4,1
121,97,36.7,39,54,449,72,2026-03-22 22:35:00,22,6,149.9,220.5,1
115,95,38.0,81,58,472,74,2026-03-22 22:36:00,22,6,150.7,251.5,1
65,85,37.4,82,37,589,27,2026-03-22 22:37:00,22,6,101.1,259.5,1
62,96,36.6,61,35,269,5,2026-03-22 22:38:00,22,6,74.6,182.0,1
83,92,36.9,83,48,529,21,2026-03-22 22:39:00,22,6,108.7,254.7,1
62,87,36.8,52,79,525,42,2026-03-22 22:40:00,22,6,121.2,259.9,1
106,89,39.8,75,90,343,35,2026-03-22 22:41:00,22,6,156.8,248.7,1
121,86,37.4,50,85,231,61,2026-03-22 22:42:00,22,6,178.6,205.5,1
80,93,36.1,89,61,232,23,2026-03-22 22:43:00,22,6,111.9,205.8,1
80,89,38.9,35,32,250,52,2026-03-22 22:44:00,22,6,112.1,167.7,1
117,98,39.4,44,80,227,68,2026-03-22 22:45:00,22,6,157.0,202.2,1
129,92,36.5,68,36,204,52,2026-03-22 22:46:00,22,6,148.8,173.0,1
66,92,36.2,81,63,300,10,2026-03-22 22:47:00,22,6,99.3,217.0,1
89,94,37.4,58,48,209,38,2026-03-22 22:48:00,22,6,115.6,179.2,1
108,88,35.6,33,50,213,14,2026-03-22 22:49:00,22,6,133.6,165.3,1
126,94,38.5,32,90,522,9,2026-03-22 22:50:00,22,6,157.5,260.4,1
98,99,37.1,73,82,210,75,2026-03-22 22:51:00,22,6,143.4,210.1,1
70,91,38.5,51,30,414,60,2026-03-22 22:52:00,22,6,102.5,206.3,1
84,98,40.3,44,42,549,78,2026-03-22 22:53:00,22,6,114.6,241.8,1
103,93,38.3,62,70,318,16,2026-03-22 22:54:00,22,6,132.7,220.2,1
96,92,37.1,83,47,257,53,2026-03-22 22:55:00,22,6,128.2,200.0,1
77,94,36.2,56,92,244,25,2026-03-22 22:56:00,22,6,124.1,213.6,1
108,99,39.5,33,62,451,22,2026-03-22 22:57:00,22,6,125.5,229.1,1
75,88,38.6,73,71,530,12,2026-03-22 22:58:00,22,6,117.1,269.4,1
108,97,36.1,70,39,166,15,2026-03-22 22:59:00,22,6,114.9,167.7,1
107,96,35.9,83,46,382,11,2026-03-22 23:00:00,23,6,117.9,221.9,1
61,88,40.0,46,80,186,38,2026-03-22 23:01:00,23,6,118.2,196.2,1
113,85,38.1,59,49,459,29,2026-03-22 23:02:00,23,6,146.1,231.8,1
96,99,37.8,75,33,181,73,2026-03-22 23:03:00,23,6,116.7,172.4,1
121,98,39.2,40,78,420,62,2026-03-22 23:04:00,23,6,157.4,237.0,1
103,91,37.2,61,91,454,60,2026-03-22 23:05:00,23,6,159.4,259.4,1
92,97,40.0,83,53,160,41,2026-03-22 23:06:00,23,6,116.9,190.6,1
122,98,39.9,49,77,463,67,2026-03-22 23:07:00,23,6,159.2,250.8,1
68,99,38.3,35,60,520,58,2026-03-22 23:08:00,23,6,103.3,240.1,1
98,93,39.4,46,45,596,10,2026-03-22 23:09:00,23,6,114.4,252.5,1
86,93,35.8,43,39,530,46,2026-03-22 23:10:00,23,6,112.6,226.4,1
104,91,39.3,37,88,523,24,2026-03-22 23:11:00,23,6,147.9,263.3,1
69,92,37.7,35,30,357,66,2026-03-22 23:12:00,23,6,102.0,185.3,1
114,86,36.8,52,52,199,67,2026-03-22 23:13:00,23,6,158.3,175.8,1
109,86,36.0,81,96,165,70,2026-03-22 23:14:00,23,6,177.2,212.7,1
99,93,37.4,44,34,111,44,2026-03-22 23:15:00,23,6,119.9,142.8,1
84,99,36.2,40,93,167,57,2026-03-22 23:16:00,23,6,132.3,190.9,1
86,87,36.2,64,37,195,40,2026-03-22 23:17:00,23,6,118.8,169.3,1
108,88,36.3,66,86,294,14,2026-03-22 23:18:00,23,6,151.6,224.6,1
113,92,40.0,87,42,434,61,2026-03-22 23:19:00,23,6,141.7,239.7,1
128,99,36.7,84,96,426,23,2026-03-22 23:20:00,23,6,158.8,267.8,1
70,92,37.0,34,74,163,25,2026-03-22 23:21:00,23,6,112.5,175.4,1
114,89,35.7,89,30,445,58,2026-03-22 23:22:00,23,6,140.1,225.9,1
74,85,40.3,54,64,202,13,2026-03-22 23:23:00,23,6,117.6,192.8,1
60,92,37.4,59,76,529,66,2026-03-22 23:24:00,23,6,117.8,263.3,1
60,98,37.6,52,89,216,50,2026-03-22 23:25:00,23,6,110.5,206.7,1
128,95,35.6,46,51,264,42,2026-03-22 23:26:00,23,6,148.0,182.7,1
121,87,35.9,86,86,340,30,2026-03-22 23:27:00,23,6,168.3,243.0,1
94,91,36.7,77,54,539,32,2026-03-22 23:28:00,23,6,125.3,257.5,1
84,96,37.4,78,58,225,20,2026-03-22 23:29:00,23,6,108.2,199.4,1
125,95,35.5,89,31,460,15,2026-03-22 23:30:00,23,6,127.5,229.2,1
110,94,36.9,54,97,223,42,2026-03-22 23:31:00,23,6,158.1,213.3,1
67,90,37.0,38,41,468,45,2026-03-22 23:32:00,23,6,102.6,215.3,1
82,97,38.8,43,77,536,18,2026-03-22 23:33:00,23,6,114.0,260.2,1
77,93,35.6,45,42,484,60,2026-03-22 23:34:00,23,6,111.1,219.9,1
111,90,39.3,65,36,540,51,2026-03-22 23:35:00,23,6,137.1,244.3,1
77,91,39.9,41,44,599,51,2026-03-22 23:36:00,23,6,112.4,250.9,1
126,99,38.0,70,36,498,65,2026-03-22 23:37:00,23,6,139.8,235.8,1
74,94,37.4,30,31,460,8,2026-03-22 23:38:00,23,6,86.1,203.5,1
89,92,39.5,66,79,515,78,2026-03-22 23:39:00,23,6,146.1,270.3,1
124,91,38.8,83,66,200,7,2026-03-22 23:40:00,23,6,147.8,205.3,1
98,86,39.3,82,43,457,52,2026-03-22 23:41:00,23,6,136.5,241.1,1
67,95,38.8,33,40,113,7,2026-03-22 23:42:00,23,6,83.2,144.7,1
74,85,37.7,58,83,503,7,2026-03-22 23:43:00,23,6,125.3,263.1,1
112,96,35.6,88,73,542,11,2026-03-22 23:44:00,23,6,135.4,274.7,1
71,85,39.4,66,93,564,8,2026-03-22 23:45:00,23,6,128.2,289.7,1
75,94,39.3,39,66,532,14,2026-03-22 23:46:00,23,6,106.2,250.7,1
93,94,36.0,61,44,137,19,2026-03-22 23:47:00,23,6,111.1,160.7,1
96,88,38.8,81,69,265,78,2026-03-22 23:48:00,23,6,152.7,219.4,1
75,99,39.6,65,49,122,56,2026-03-22 23:49:00,23,6,102.8,170.4,1
122,97,36.7,45,56,395,28,2026-03-22 23:50:00,23,6,138.5,214.1,1
72,92,37.2,54,30,416,66,2026-03-22 23:51:00,23,6,104.4,205.6,1
122,96,37.1,53,63,511,19,2026-03-22 23:52:00,23,6,140.8,247.0,1
125,87,40.2,42,89,396,70,2026-03-22 23:53:00,23,6,185.0,242.9,1
121,92,39.0,59,51,463,8,2026-03-22 23:54:00,23,6,136.7,235.8,1
97,98,37.8,89,85,562,66,2026-03-22 23:55:00,23,6,142.9,292.0,1
82,91,38.6,66,57,205,57,2026-03-22 23:56:00,23,6,124.7,191.1,1
61,85,40.2,88,52,528,25,2026-03-22 23:57:00,23,6,104.8,266.4,1
106,90,37.1,30,81,371,6,2026-03-22 23:58:00,23,6,142.1,220.1,1
69,94,35.6,69,41,167,10,2026-03-22 23:59:00,23,6,87.7,167.8,1
64,98,38.5,71,86,296,53,2026-03-23 00:00:00,0,0,113.1,231.9,1
91,93,39.8,40,31,340,5,2026-03-23 00:01:00,0,0,100.3,189.3,1
73,95,39.4,53,53,228,69,2026-03-23 00:02:00,0,0,113.1,188.0,1
93,86,35.5,37,89,154,31,2026-03-23 00:03:00,0,0,149.2,182.6,1
127,98,35.8,56,81,277,28,2026-03-23 00:04:00,0,0,153.5,211.7,1
98,91,38.2,75,44,246,23,2026-03-23 00:05:00,0,0,120.8,193.9,1
64,99,38.9,83,73,394,52,2026-03-23 00:06:00,0,0,104.8,249.2,1
82,87,36.9,39,84,380,33,2026-03-23 00:07:00,0,0,137.0,228.1,1
90,97,40.4,73,73,265,48,2026-03-23 00:08:00,0,0,127.4,221.4,1
65,88,36.0,48,90,462,58,2026-03-23 00:09:00,0,0,132.4,251.4,1
103,93,36.1,57,86,564,29,2026-03-23 00:10:00,0,0,144.6,273.7,1
98,96,35.6,59,60,555,60,2026-03-23 00:11:00,0,0,132.4,253.7,1
110,99,36.2,30,89,550,55,2026-03-23 00:12:00,0,0,150.5,259.7,1
77,91,36.3,56,32,424,70,2026-03-23 00:13:00,0,0,112.1,207.8,1
90,97,37.1,42,77,581,24,2026-03-23 00:14:00,0,0,122.2,265.3,1
63,88,38.6,67,33,308,11,2026-03-23 00:15:00,0,0,88.2,195.4,1
126,85,38.7,60,81,247,22,2026-03-23 00:16:00,0,0,170.4,213.5,1
122,92,36.8,40,43,148,23,2026-03-23 00:17:00,0,0,138.0,153.3,1
129,97,39.1,61,61,101,66,2026-03-23 00:18:00,0,0,158.0,171.6,1
93,96,39.6,64,48,405,21,2026-03-23 00:19:00,0,0,110.7,225.8,1
88,90,39.6,74,32,514,31,2026-03-23 00:20:00,0,0,110.7,241.4,1
90,86,40.2,32,74,529,47,2026-03-23 00:21:00,0,0,144.1,254.0,1
63,93,36.8,85,33,421,67,2026-03-23 00:22:00,0,0,97.5,223.4,1
127,94,36.8,42,89,167,12,2026-03-23 00:23:00,0,0,158.7,190.3,1
94,95,37.2,82,56,542,50,2026-03-23 00:24:00,0,0,125.7,263.0,1
64,86,35.8,36,87,312,36,2026-03-23 00:25:00,0,0,126.5,212.9,1
88,85,37.0,64,46,486,43,2026-03-23 00:26:00,0,0,128.8,235.4,1
66,85,38.7,42,42,351,16,2026-03-23 00:27:00,0,0,101.1,198.0,1
115,94,36.1,60,95,399,6,2026-03-23 00:28:00,0,0,150.3,248.5,1
103,98,38.0,47,79,420,25,2026-03-23 00:29:00,0,0,132.4,238.8,1
70,96,36.4,65,50,185,48,2026-03-23 00:30:00,0,0,101.4,177.3,1
98,95,38.1,33,74,293,35,2026-03-23 00:31:00,0,0,133.4,203.1,1
86,85,35.7,54,80,263,55,2026-03-23 00:32:00,0,0,147.8,207.0,1
108,98,38.3,51,42,339,78,2026-03-23 00:33:00,0,0,133.8,199.3,1
110,92,38.2,31,41,105,61,2026-03-23 00:34:00,0,0,138.8,141.6,1
60,92,38.3,47,74,532,73,2026-03-23 00:35:00,0,0,118.9,258.3,1
68,95,40.2,31,48,361,19,2026-03-23 00:36:00,0,0,91.6,201.7,1
116,95,39.7,41,65,420,21,2026-03-23 00:37:00,0,0,139.1,229.4,1
110,89,37.7,31,85,444,69,2026-03-23 00:38:00,0,0,167.7,239.2,1
97,93,37.8,33,38,327,75,2026-03-23 00:39:00,0,0,129.6,184.1,1
94,89,36.5,83,46,359,17,2026-03-23 00:40:00,0,0,119.8,218.5,1
66,96,35.7,39,68,424,16,2026-03-23 00:41:00,0,0,97.6,223.3,1
66,89,37.0,62,47,139,18,2026-03-23 00:42:00,0,0,98.2,165.7,1
117,97,39.9,71,69,197,53,2026-03-23 00:43:00,0,0,148.5,203.0,1
125,99,38.6,47,80,152,57,2026-03-23 00:44:00,0,0,158.6,187.1,1
89,85,37.1,70,55,127,33,2026-03-23 00:45:00,0,0,131.1,173.1,1
119,97,40.4,41,70,574,23,2026-03-23 00:46:00,0,0,141.6,265.1,1
68,93,40.0,61,30,457,70,2026-03-23 00:47:00,0,0,100.9,222.9,1
115,91,38.9,38,58,419,63,2026-03-23 00:48:00,0,0,153.4,221.2,1
83,96,37.3,61,37,165,78,2026-03-23 00:49:00,0,0,114.3,164.0,1
114,98,39.8,33,55,556,41,2026-03-23 00:50:00,0,0,134.0,245.8,1
67,91,38.9,53,65,144,73,2026-03-23 00:51:00,0,0,121.5,178.6,1
79,90,38.7,63,35,475,65,2026-03-23 00:52:00,0,0,115.2,228.4,1
122,87,37.9,30,34,581,28,2026-03-23 00:53:00,0,0,142.5,230.8,1
105,99,37.0,82,87,319,5,2026-03-23 00:54:00,0,0,130.5,239.7,1
101,91,39.5,77,66,180,14,2026-03-23 00:55:00,0,0,131.5,199.7,1
76,95,40.3,72,32,277,9,2026-03-23 00:56:00,0,0,87.0,194.4,1
89,97,38.9,41,35,387,72,2026-03-23 00:57:00,0,0,114.8,200.2,1
95,85,40.0,70,93,445,33,2026-03-23 00:58:00,0,0,154.9,269.1,1
120,88,36.7,57,81,471,61,2026-03-23 00:59:00,0,0,172.8,252.8,1
88,87,39.3,76,48,387,31,2026-03-23 01:00:00,1,0,123.2,227.6,1
129,90,40.3,83,67,233,16,2026-03-23 01:01:00,1,0,156.5,215.6,1
68,92,37.0,86,36,107,45,2026-03-23 01:02:00,1,0,97.9,163.6,1
72,93,38.7,69,77,151,79,2026-03-23 01:03:00,1,0,130.3,196.0,1
94,99,36.3,36,77,149,75,2026-03-23 01:04:00,1,0,137.7,174.3,1
69,93,39.4,74,94,530,26,2026-03-23 01:05:00,1,0,120.5,287.6,1
91,90,37.5,49,48,528,11,2026-03-23 01:06:00,1,0,115.1,238.7,1
110,97,38.3,68,57,257,23,2026-03-23 01:07:00,1,0,127.9,201.9,1
120,86,37.9,34,99,251,34,2026-03-23 01:08:00,1,0,176.7,212.3,1
64,90,35.6,81,84,363,78,2026-03-23 01:09:00,1,0,131.6,243.1,1
108,95,38.5,38,72,264,12,2026-03-23 01:10:00,1,0,133.5,199.2,1
97,88,37.8,69,45,170,34,2026-03-23 01:11:00,1,0,128.3,175.6,1
126,97,38.3,81,69,145,79,2026-03-23 01:12:00,1,0,163.5,194.4,1
93,95,38.8,83,68,352,24,2026-03-23 01:13:00,1,0,123.1,237.1,1
73,97,37.1,58,65,407,13,2026-03-23 01:14:00,1,0,99.3,230.1,1
88,96,39.8,55,78,202,76,2026-03-23 01:15:00,1,0,138.2,202.1,1
82,86,35.9,83,43,470,24,2026-03-23 01:16:00,1,0,115.3,237.4,1
79,85,38.0,32,50,572,46,2026-03-23 01:17:00,1,0,124.5,241.4,1
106,90,37.3,72,99,244,20,2026-03-23 01:18:00,1,0,155.3,228.7,1
119,91,39.5,76,40,250,69,2026-03-23 01:19:00,1,0,149.4,195.0,1
111,97,40.1,53,37,366,71,2026-03-23 01:20:00,1,0,133.1,205.8,1
119,87,37.5,65,55,369,44,2026-03-23 01:21:00,1,0,155.4,219.8,1
80,85,38.5,41,64,268,79,2026-03-23 01:22:00,1,0,142.2,195.9,1
94,96,40.3,31,45,453,15,2026-03-23 01:23:00,1,0,108.2,218.2,1
80,85,39.8,53,89,540,77,2026-03-23 01:24:00,1,0,154.1,276.4,1
74,94,39.3,42,52,335,27,2026-03-23 01:25:00,1,0,102.3,203.0,1
95,98,37.4,71,71,300,67,2026-03-23 01:26:00,1,0,134.6,220.0,1
123,89,40.5,36,78,416,76,2026-03-23 01:27:00,1,0,176.7,236.8,1
77,90,36.8,48,69,376,14,2026-03-23 01:28:00,1,0,115.3,221.1,1
80,91,39.7,84,68,494,56,2026-03-23 01:29:00,1,0,128.3,267.8,1
91,87,39.2,89,86,332,70,2026-03-23 01:30:00,1,0,156.3,249.5,1
67,90,39.0,84,45,359,46,2026-03-23 01:31:00,1,0,104.9,223.3,1
76,87,39.1,69,53,404,70,2026-03-23 01:32:00,1,0,127.8,230.6,1
77,96,36.8,71,49,214,22,2026-03-23 01:33:00,1,0,98.7,186.2,1
128,94,37.0,41,30,364,39,2026-03-23 01:34:00,1,0,138.1,188.3,1
72,89,39.3,33,93,241,29,2026-03-23 01:35:00,1,0,129.3,208.4,1
95,87,36.1,83,43,512,16,2026-03-23 01:36:00,1,0,121.8,246.2,1
92,96,37.4,54,79,188,51,2026-03-23 01:37:00,1,0,134.4,194.7,1
67,94,35.6,71,79,387,65,2026-03-23 01:38:00,1,0,121.6,239.4,1
124,96,40.1,85,89,272,7,2026-03-23 01:39:00,1,0,151.8,239.4,1
118,99,37.5,64,33,370,47,2026-03-23 01:40:00,1,0,126.5,204.1,1
79,96,38.3,38,60,216,70,2026-03-23 01:41:00,1,0,120.2,180.8,1
106,94,35.8,45,99,447,49,2026-03-23 01:42:00,1,0,158.0,252.8,1
79,94,36.1,66,32,129,72,2026-03-23 01:43:00,1,0,109.8,153.4,1
105,95,38.4,53,37,273,61,2026-03-23 01:44:00,1,0,128.3,183.8,1
119,95,39.6,49,92,560,19,2026-03-23 01:45:00,1,0,154.4,280.1,1
99,86,39.0,41,42,386,19,2026-03-23 01:46:00,1,0,126.9,205.1,1
127,99,38.6,89,52,480,38,2026-03-23 01:47:00,1,0,140.5,254.1,1
117,97,37.2,66,61,167,7,2026-03-23 01:48:00,1,0,130.7,183.5,1
100,98,36.8,75,32,509,22,2026-03-23 01:49:00,1,0,105.6,235.3,1
70,98,40.3,43,58,533,32,2026-03-23 01:50:00,1,0,97.6,249.3,1
96,92,39.3,53,87,401,52,2026-03-23 01:51:00,1,0,147.9,246.2,1
110,99,40.2,44,68,453,59,2026-03-23 01:52:00,1,0,141.2,240.6,1
69,89,39.7,75,45,552,67,2026-03-23 01:53:00,1,0,114.3,258.8,1
61,90,37.6,78,45,318,54,2026-03-23 01:54:00,1,0,102.5,209.3,1
113,87,37.2,82,76,202,32,2026-03-23 01:55:00,1,0,157.5,209.0,1
101,99,35.7,42,39,283,13,2026-03-23 01:56:00,1,0,105.7,176.3,1
127,90,39.5,39,33,393,50,2026-03-23 01:57:00,1,0,148.1,200.2,1
128,87,39.9,43,53,454,38,2026-03-23 01:58:00,1,0,159.8,229.2,1
69,89,36.7,86,35,485,76,2026-03-23 01:59:00,1,0,112.0,237.9,1
70,97,38.5,87,36,109,5,2026-03-23 02:00:00,2,0,80.0,167.5,1
129,92,40.4,47,66,189,56,2026-03-23 02:01:00,2,0,165.0,188.3,1
112,95,39.8,69,71,328,60,2026-03-23 02:02:00,2,0,150.6,229.4,1
74,94,37.3,78,63,537,68,2026-03-23 02:03:00,2,0,120.1,265.1,1
73,91,38.2,42,80,558,10,2026-03-23 02:04:00,2,0,114.9,265.0,1
98,90,35.9,74,70,472,45,2026-03-23 02:05:00,2,0,141.9,252.2,1
92,87,39.4,32,93,518,72,2026-03-23 02:06:00,2,0,161.2,263.5,1
115,97,39.1,80,39,430,29,2026-03-23 02:07:00,2,0,124.7,231.5,1
91,89,36.7,69,35,540,12,2026-03-23 02:08:00,2,0,110.4,240.4,1
121,86,40.3,67,83,198,47,2026-03-23 02:09:00,2,0,173.4,211.8,1
105,97,40.2,31,84,256,50,2026-03-23 02:10:00,2,0,145.5,205.9,1
119,97,38.6,83,92,423,37,2026-03-23 02:11:00,2,0,156.8,267.7,1
72,96,35.6,80,35,560,37,2026-03-23 02:12:00,2,0,92.2,247.7,1
109,88,38.4,78,38,544,56,2026-03-23 02:13:00,2,0,141.0,251.2,1
68,86,39.1,42,44,387,18,2026-03-23 02:14:00,2,0,102.8,207.4,1
84,90,39.8,35,41,405,41,2026-03-23 02:15:00,2,0,115.0,206.8,1
65,98,37.4,39,84,178,40,2026-03-23 02:16:00,2,0,109.0,188.7,1
84,89,39.8,31,32,128,8,2026-03-23 02:17:00,2,0,102.1,143.1,1
109,97,39.8,34,64,246,57,2026-03-23 02:18:00,2,0,140.8,190.6,1
90,88,39.0,84,51,283,43,2026-03-23 02:19:00,2,0,128.4,212.3,1
70,92,38.0,49,44,147,57,2026-03-23 02:20:00,2,0,107.1,160.7,1
122,87,40.4,62,87,277,28,2026-03-23 02:21:00,2,0,169.0,228.1,1
64,96,36.2,86,73,399,21,2026-03-23 02:22:00,2,0,100.0,246.3,1
97,85,38.2,44,89,211,48,2026-03-23 02:23:00,2,0,159.0,202.9,1
123,88,38.5,39,78,101,28,2026-03-23 02:24:00,2,0,163.8,171.3,1
111,85,39.2,80,64,315,39,2026-03-23 02:25:00,2,0,155.0,226.2,1
71,92,39.6,45,67,385,60,2026-03-23 02:26:00,2,0,120.3,225.6,1
111,97,35.5,59,47,402,10,2026-03-23 02:27:00,2,0,119.8,213.8,1
122,93,36.4,43,80,510,71,2026-03-23 02:28:00,2,0,169.4,252.3,1
101,89,37.9,34,67,476,68,2026-03-23 02:29:00,2,0,151.2,234.9,1
69,99,39.2,61,85,290,74,2026-03-23 02:30:00,2,0,121.4,226.4,1
110,92,37.3,71,33,572,45,2026-03-23 02:31:00,2,0,130.0,247.6,1
88,85,35.7,53,71,576,42,2026-03-23 02:32:00,2,0,141.0,262.8,1
94,93,39.7,56,95,544,37,2026-03-23 02:33:00,2,0,144.3,282.7,1
91,86,40.4,38,40,453,41,2026-03-23 02:34:00,2,0,126.1,218.4,1
76,92,39.1,66,74,580,14,2026-03-23 02:35:00,2,0,114.0,279.0,1
83,93,38.8,34,65,591,36,2026-03-23 02:36:00,2,0,120.2,258.3,1
116,92,36.3,51,41,279,33,2026-03-23 02:37:00,2,0,135.2,182.6,1
92,95,37.4,80,93,237,68,2026-03-23 02:38:00,2,0,148.0,227.3,1
129,98,39.2,62,89,150,22,2026-03-23 02:39:00,2,0,157.3,201.7,1
68,89,38.4,36,89,272,29,2026-03-23 02:40:00,2,0,124.1,211.5,1
67,97,36.2,56,39,151,73,2026-03-23 02:41:00,2,0,99.5,157.9,1
72,97,38.2,89,83,260,5,2026-03-23 02:42:00,2,0,105.1,231.0,1
68,98,38.2,40,98,556,11,2026-03-23 02:43:00,2,0,109.7,276.2,1
98,86,38.7,41,98,293,74,2026-03-23 02:44:00,2,0,170.6,225.1,1
85,95,35.9,66,89,391,43,2026-03-23 02:45:00,2,0,132.9,245.3,1
116,94,38.6,49,86,396,23,2026-03-23 02:46:00,2,0,151.7,241.1,1
121,91,38.0,65,70,262,40,2026-03-23 02:47:00,2,0,157.3,209.9,1
80,93,37.1,57,60,402,64,2026-03-23 02:48:00,2,0,123.7,225.1,1
128,88,38.5,45,41,156,61,2026-03-23 02:49:00,2,0,159.2,159.4,1
74,91,38.9,58,35,317,35,2026-03-23 02:50:00,2,0,100.7,194.7,1
103,99,37.2,87,76,445,36,2026-03-23 02:51:00,2,0,132.7,260.1,1
64,86,38.6,78,43,424,78,2026-03-23 02:52:00,2,0,117.1,231.1,1
102,92,40.5,44,85,220,38,2026-03-23 02:53:00,2,0,147.5,206.5,1
84,88,37.1,41,47,539,44,2026-03-23 02:54:00,2,0,121.9,235.4,1
65,92,39.4,56,54,510,70,2026-03-23 02:55:00,2,0,112.0,246.6,1
113,90,37.3,59,96,409,78,2026-03-23 02:56:00,2,0,176.8,253.1,1
64,86,36.9,73,44,286,71,2026-03-23 02:57:00,2,0,115.5,198.3,1
60,86,38.6,53,52,504,52,2026-03-23 02:58:00,2,0,110.6,240.9,1
101,95,36.7,70,43,309,12,2026-03-23 02:59:00,2,0,113.4,200.3,1
122,97,40.5,51,92,119,12,2026-03-23 03:00:00,3,0,151.7,194.7,1
61,88,36.9,39,33,363,14,2026-03-23 03:01:00,3,0,87.5,189.0,1
71,93,36.6,61,98,272,39,2026-03-23 03:02:00,3,0,128.0,226.7,1
105,97,40.1,43,49,590,56,2026-03-23 03:03:00,3,0,129.8,254.0,1
111,93,36.8,37,58,578,60,2026-03-23 03:04:00,3,0,146.3,248.3,1
101,97,39.4,79,59,429,50,2026-03-23 03:05:00,3,0,129.8,245.4,1
96,95,40.3,41,40,227,48,2026-03-23 03:06:00,3,0,118.7,174.5,1
127,96,36.7,48,68,211,27,2026-03-23 03:07:00,3,0,149.7,187.2,1
104,92,37.3,61,34,274,25,2026-03-23 03:08:00,3,0,119.7,183.7,1
91,85,36.3,67,79,222,24,2026-03-23 03:09:00,3,0,142.0,205.8,1
111,96,37.2,73,63,267,57,2026-03-23 03:10:00,3,0,143.4,208.4,1
125,87,40.3,43,38,291,53,2026-03-23 03:11:00,3,0,154.4,186.9,1
118,97,37.8,85,93,104,11,2026-03-23 03:12:00,3,0,148.7,204.0,1
68,97,40.0,77,66,113,50,2026-03-23 03:13:00,3,0,106.9,187.3,1
100,97,35.8,64,96,313,62,2026-03-23 03:14:00,3,0,151.1,233.4,1
99,87,37.2,36,52,465,11,2026-03-23 03:15:00,3,0,128.0,221.8,1
61,98,36.7,47,80,131,61,2026-03-23 03:16:00,3,0,110.1,179.1,1
114,89,38.4,35,74,352,29,2026-03-23 03:17:00,3,0,153.4,216.5,1
109,90,38.9,64,37,593,57,2026-03-23 03:18:00,3,0,137.8,254.3,1
121,98,39.5,78,73,211,37,2026-03-23 03:19:00,3,0,147.4,211.3,1
66,94,36.9,59,76,151,41,2026-03-23 03:20:00,3,0,112.1,186.7,1
95,88,37.3,71,54,161,27,2026-03-23 03:21:00,3,0,129.1,180.1,1
87,99,37.1,41,57,323,32,2026-03-23 03:22:00,3,0,109.2,199.2,1
72,98,36.9,49,94,452,78,2026-03-23 03:23:00,3,0,131.0,254.5,1
103,96,37.7,75,77,187,24,2026-03-23 03:24:00,3,0,134.1,204.2,1
123,90,36.5,79,31,438,43,2026-03-23 03:25:00,3,0,141.8,221.8,1
101,89,38.8,89,37,440,10,2026-03-23 03:26:00,3,0,118.8,236.0,1
99,85,39.4,37,75,238,36,2026-03-23 03:27:00,3,0,150.0,197.4,1
128,93,38.9,32,56,588,48,2026-03-23 03:28:00,3,0,155.3,250.6,1
75,92,35.5,49,36,123,25,2026-03-23 03:29:00,3,0,97.5,145.3,1
94,87,37.9,77,36,141,50,2026-03-23 03:30:00,3,0,127.7,167.7,1
70,98,39.0,47,84,117,25,2026-03-23 03:31:00,3,0,108.5,183.7,1
129,86,37.5,31,36,345,6,2026-03-23 03:32:00,3,0,144.0,184.7,1
107,91,38.7,37,44,415,52,2026-03-23 03:33:00,3,0,136.7,209.7,1
76,86,36.1,88,35,419,25,2026-03-23 03:34:00,3,0,106.8,224.5,1
116,91,39.0,63,50,546,46,2026-03-23 03:35:00,3,0,145.1,253.7,1
119,94,36.0,43,66,183,59,2026-03-23 03:36:00,3,0,154.9,176.3,1
96,89,39.4,83,48,330,34,2026-03-23 03:37:00,3,0,127.5,219.9,1
61,96,39.5,66,57,255,67,2026-03-23 03:38:00,3,0,103.4,202.9,1
62,98,36.7,36,47,234,34,2026-03-23 03:39:00,3,0,86.3,171.1,1
74,91,36.2,30,44,310,78,2026-03-23 03:40:00,3,0,118.1,180.2,1
86,98,39.2,86,32,287,49,2026-03-23 03:41:00,3,0,102.5,201.2,1
63,86,38.2,54,72,485,54,2026-03-23 03:42:00,3,0,123.6,250.8,1
121,92,38.2,62,48,496,18,2026-03-23 03:43:00,3,0,138.2,240.2,1
116,97,37.2,65,46,422,69,2026-03-23 03:44:00,3,0,141.0,223.5,1
112,97,39.3,63,68,575,14,2026-03-23 03:45:00,3,0,132.3,272.7,1
80,93,36.8,65,78,190,58,2026-03-23 03:46:00,3,0,130.9,198.7,1
79,86,36.8,56,64,597,63,2026-03-23 03:47:00,3,0,135.1,265.8,1
65,93,39.8,46,39,189,42,2026-03-23 03:48:00,3,0,94.6,167.7,1
75,95,39.4,62,32,539,19,2026-03-23 03:49:00,3,0,89.2,240.0,1
63,94,37.1,87,48,571,8,2026-03-23 03:50:00,3,0,85.8,265.5,1
127,98,36.4,49,59,565,62,2026-03-23 03:51:00,3,0,152.7,251.6,1
119,97,38.3,85,56,164,10,2026-03-23 03:52:00,3,0,130.7,191.1,1
127,92,35.6,36,99,295,74,2026-03-23 03:53:00,3,0,185.3,217.5,1
124,85,39.8,32,46,353,59,2026-03-23 03:54:00,3,0,162.4,198.4,1
129,96,36.5,62,60,542,57,2026-03-23 03:55:00,3,0,156.3,254.4,1
69,86,38.0,60,83,323,7,2026-03-23 03:56:00,3,0,119.8,228.7,1
95,89,39.9,83,94,551,55,2026-03-23 03:57:00,3,0,156.0,297.3,1
84,94,36.6,52,62,490,15,2026-03-23 03:58:00,3,0,111.7,240.6,1
97,85,38.3,52,30,391,37,2026-03-23 03:59:00,3,0,126.2,201.8,1
121,97,37.9,47,84,463,79,2026-03-23 04:00:00,4,0,167.0,250.7,1
111,89,38.0,89,57,279,32,2026-03-23 04:01:00,4,0,143.4,216.2,1
97,91,35.5,56,84,359,19,2026-03-23 04:02:00,4,0,138.8,229.6,1
78,90,39.0,44,48,445,47,2026-03-23 04:03:00,4,0,115.5,222.6,1
123,99,37.4,79,37,274,16,2026-03-23 04:04:00,4,0,123.2,195.0,1
110,85,39.0,39,77,343,28,2026-03-23 04:05:00,4,0,157.4,220.0,1
88,99,36.7,75,60,334,45,2026-03-23 04:06:00,4,0,115.4,219.7,1
121,87,35.5,59,83,522,74,2026-03-23 04:07:00,4,0,180.0,263.0,1
109,90,37.6,68,74,107,13,2026-03-23 04:08:00,4,0,143.1,182.4,1
123,93,37.8,67,31,468,20,2026-03-23 04:09:00,4,0,130.4,224.4,1
80,92,39.6,75,91,581,58,2026-03-23 04:10:00,4,0,138.9,296.6,1
115,94,35.6,71,95,456,72,2026-03-23 04:11:00,4,0,170.1,264.4,1
60,85,35.8,63,84,378,29,2026-03-23 04:12:00,4,0,121.2,237.5,1
68,95,35.7,61,73,580,48,2026-03-23 04:13:00,4,0,112.8,269.0,1
109,85,38.3,88,99,391,35,2026-03-23 04:14:00,4,0,169.7,268.1,1
123,88,38.1,56,46,192,29,2026-03-23 04:15:00,4,0,148.1,174.8,1
123,98,38.4,48,44,166,31,2026-03-23 04:16:00,4,0,132.7,164.8,1
97,86,39.0,69,58,337,25,2026-03-23 04:17:00,4,0,135.1,220.5,1
114,96,40.0,60,63,534,25,2026-03-23 04:18:00,4,0,136.2,260.9,1
99,98,36.1,45,75,467,57,2026-03-23 04:19:00,4,0,136.8,240.6,1
115,97,39.7,45,37,314,19,2026-03-23 04:20:00,4,0,120.7,190.6,1
65,89,37.1,47,32,157,27,2026-03-23 04:21:00,4,0,92.6,151.5,1
65,95,36.5,79,72,488,49,2026-03-23 04:22:00,4,0,110.2,260.5,1
121,87,39.2,62,68,533,22,2026-03-23 04:23:00,4,0,156.9,263.6,1
99,85,39.8,53,38,417,74,2026-03-23 04:24:00,4,0,142.9,216.1,1
105,98,37.0,45,40,484,68,2026-03-23 04:25:00,4,0,127.4,221.3,1
71,91,39.9,78,85,373,22,2026-03-23 04:26:00,4,0,119.4,252.9,1
63,95,38.8,41,45,509,8,2026-03-23 04:27:00,4,0,82.8,231.4,1
112,94,37.0,37,94,595,5,2026-03-23 04:28:00,4,0,147.1,277.3,1
121,88,40.1,68,30,582,66,2026-03-23 04:29:00,4,0,149.6,251.6,1
71,86,35.8,74,64,571,77,2026-03-23 04:30:00,4,0,132.9,267.6,1
68,96,36.6,81,31,468,74,2026-03-23 04:31:00,4,0,98.1,229.0,1
115,99,37.6,49,91,249,52,2026-03-23 04:32:00,4,0,154.6,213.2,1
77,90,39.1,81,61,547,78,2026-03-23 04:33:00,4,0,130.5,270.8,1
76,89,36.9,50,54,124,68,2026-03-23 04:34:00,4,0,124.7,161.4,1
92,89,40.1,78,55,238,36,2026-03-23 04:35:00,4,0,128.4,205.3,1
79,98,36.2,51,75,566,76,2026-03-23 04:36:00,4,0,126.5,263.6,1
108,93,38.9,75,49,257,23,2026-03-23 04:37:00,4,0,128.3,201.0,1
108,92,39.3,67,57,221,53,2026-03-23 04:38:00,4,0,142.8,196.2,1
79,85,39.6,33,62,141,8,2026-03-23 04:39:00,4,0,119.1,167.3,1
118,92,36.1,86,55,298,47,2026-03-23 04:40:00,4,0,148.0,213.3,1
87,89,40.4,74,81,589,21,2026-03-23 04:41:00,4,0,132.9,292.3,1
115,97,38.5,76,55,356,18,2026-03-23 04:42:00,4,0,129.4,224.7,1
93,97,39.7,89,87,262,60,2026-03-23 04:43:00,4,0,140.4,237.2,1
129,95,40.0,45,35,288,53,2026-03-23 04:44:00,4,0,144.1,184.6,1
97,87,38.3,53,31,384,53,2026-03-23 04:45:00,4,0,128.5,201.6,1
62,96,39.1,36,66,511,64,2026-03-23 04:46:00,4,0,107.8,244.6,1
126,94,38.8,66,40,258,38,2026-03-23 04:47:00,4,0,141.2,190.2,1
86,85,39.7,65,69,294,53,2026-03-23 04:48:00,4,0,141.7,219.0,1
115,94,35.7,85,50,518,15,2026-03-23 04:49:00,4,0,130.5,252.5,1
74,91,35.8,48,98,387,23,2026-03-23 04:50:00,4,0,128.6,241.6,1
72,85,37.9,53,47,106,63,2026-03-23 04:51:00,4,0,122.5,156.4,1
60,92,39.7,51,62,564,66,2026-03-23 04:52:00,4,0,110.8,261.1,1
121,92,35.6,70,35,128,30,2026-03-23 04:53:00,4,0,135.3,156.3,1
116,91,35.8,57,89,331,55,2026-03-23 04:54:00,4,0,167.3,228.6,1
124,96,37.6,30,56,378,31,2026-03-23 04:55:00,4,0,142.5,205.0,1
110,90,38.1,46,71,142,29,2026-03-23 04:56:00,4,0,147.2,177.3,1
69,99,40.0,65,66,354,36,2026-03-23 04:57:00,4,0,100.5,229.5,1
70,96,39.3,65,59,409,57,2026-03-23 04:58:00,4,0,108.6,234.2,1
110,95,38.4,36,51,592,25,2026-03-23 04:59:00,4,0,128.5,248.9,1
68,94,39.0,79,40,115,73,2026-03-23 05:00:00,5,0,105.3,168.5,1
98,99,39.1,36,66,334,13,2026-03-23 05:01:00,5,0,116.8,209.2,1
93,98,40.3,39,79,401,69,2026-03-23 05:02:00,5,0,137.6,235.6,1
86,86,36.6,35,52,499,35,2026-03-23 05:03:00,5,0,126.3,226.9,1
101,91,36.6,81,88,500,57,2026-03-23 05:04:00,5,0,155.4,275.3,1
92,98,37.4,78,67,583,21,2026-03-23 05:05:00,5,0,116.4,277.3,1
92,91,37.9,42,43,368,53,2026-03-23 05:06:00,5,0,124.5,200.5,1
103,95,37.0,40,74,395,67,2026-03-23 05:07:00,5,0,147.0,224.8,1
68,99,38.4,89,61,527,32,2026-03-23 05:08:00,5,0,96.0,269.4,1
106,88,39.1,32,96,392,47,2026-03-23 05:09:00,5,0,164.9,239.8,1
103,93,36.8,88,73,447,62,2026-03-23 05:10:00,5,0,148.0,258.1,1
101,99,37.0,86,66,134,44,2026-03-23 05:11:00,5,0,128.5,190.0,1
80,86,38.8,86,90,542,48,2026-03-23 05:12:00,5,0,144.4,292.0,1
115,96,37.8,67,69,505,22,2026-03-23 05:13:00,5,0,139.1,258.4,1
93,98,38.1,50,71,436,67,2026-03-23 05:14:00,5,0,133.0,238.1,1
109,94,38.6,36,31,186,38,2026-03-23 05:15:00,5,0,123.1,154.1,1
94,87,36.1,64,83,103,59,2026-03-23 05:16:00,5,0,153.9,182.9,1
117,89,35.9,76,73,209,15,2026-03-23 05:17:00,5,0,151.1,202.7,1
92,93,37.3,36,70,435,66,2026-03-23 05:18:00,5,0,138.9,228.6,1
123,87,37.3,42,40,142,33,2026-03-23 05:19:00,5,0,147.8,152.0,1
98,97,39.4,79,96,270,53,2026-03-23 05:20:00,5,0,146.8,239.5,1
84,88,35.6,61,32,532,20,2026-03-23 05:21:00,5,0,107.2,230.5,1
84,90,37.1,76,49,374,48,2026-03-23 05:22:00,5,0,121.1,221.3,1
114,91,37.2,33,84,527,32,2026-03-23 05:23:00,5,0,156.3,255.1,1
113,87,37.8,33,83,325,71,2026-03-23 05:24:00,5,0,172.7,215.2,1
84,94,37.9,44,30,128,29,2026-03-23 05:25:00,5,0,99.9,144.4,1
95,91,39.3,63,95,118,34,2026-03-23 05:26:00,5,0,147.2,200.2,1
72,95,38.1,38,98,388,45,2026-03-23 05:27:00,5,0,127.6,241.4,1
84,88,37.6,46,92,377,23,2026-03-23 05:28:00,5,0,138.1,238.0,1
122,93,39.2,58,72,263,22,2026-03-23 05:29:00,5,0,150.7,210.4,1
109,94,36.6,63,60,588,75,2026-03-23 05:30:00,5,0,148.7,264.3,1
64,91,39.5,48,45,308,26,2026-03-23 05:31:00,5,0,95.0,196.1,1
127,97,40.3,64,73,592,66,2026-03-23 05:32:00,5,0,162.4,282.1,1
124,96,37.1,87,43,494,57,2026-03-23 05:33:00,5,0,143.8,246.6,1
121,96,36.7,57,99,536,57,2026-03-23 05:34:00,5,0,169.4,278.4,1
67,95,37.1,36,46,393,28,2026-03-23 05:35:00,5,0,92.5,203.0,1
90,95,36.1,57,42,316,34,2026-03-23 05:36:00,5,0,110.7,193.3,1
88,89,35.7,44,51,180,79,2026-03-23 05:37:00,5,0,136.1,165.1,1
73,98,40.5,59,44,148,39,2026-03-23 05:38:00,5,0,95.1,170.9,1
108,90,37.8,64,49,366,73,2026-03-23 05:39:00,5,0,147.8,215.1,1
119,87,40.4,81,96,252,17,2026-03-23 05:40:00,5,0,167.8,238.9,1
118,98,39.3,52,32,204,34,2026-03-23 05:41:00,5,0,123.6,167.8,1
83,87,40.3,75,37,541,63,2026-03-23 05:42:00,5,0,123.3,252.2,1
79,91,37.5,84,88,246,7,2026-03-23 05:43:00,5,0,122.8,227.8,1
92,91,36.1,53,70,586,24,2026-03-23 05:44:00,5,0,129.3,264.9,1
125,95,37.4,56,44,560,19,2026-03-23 05:45:00,5,0,135.2,245.6,1
70,87,35.6,87,89,348,64,2026-03-23 05:46:00,5,0,139.2,246.6,1
116,91,39.2,41,60,335,49,2026-03-23 05:47:00,5,0,151.0,207.9,1
119,97,36.4,75,88,477,41,2026-03-23 05:48:00,5,0,156.0,267.3,1
71,92,39.9,77,91,500,63,2026-03-23 05:49:00,5,0,133.2,282.0,1
102,95,40.5,55,42,463,7,2026-03-23 05:50:00,5,0,112.2,230.5,1
67,98,40.2,67,65,451,11,2026-03-23 05:51:00,5,0,92.4,249.6,1
82,99,36.5,41,37,588,43,2026-03-23 05:52:00,5,0,98.5,237.0,1
94,96,35.6,47,72,163,35,2026-03-23 05:53:00,5,0,127.7,177.7,1
60,95,36.1,47,51,365,78,2026-03-23 05:54:00,5,0,104.4,204.4,1
89,88,37.4,42,56,432,60,2026-03-23 05:55:00,5,0,135.2,221.4,1
123,85,37.4,30,76,403,36,2026-03-23 05:56:00,5,0,169.7,223.6,1
110,93,37.2,43,67,142,61,2026-03-23 05:57:00,5,0,150.3,171.2,1
99,86,39.3,57,30,530,6,2026-03-23 05:58:00,5,0,117.0,234.1,1
98,94,38.8,38,30,414,21,2026-03-23 05:59:00,5,0,108.7,200.4,1
104,93,36.0,80,98,583,30,2026-03-23 06:00:00,6,0,151.7,297.2,1
93,90,36.6,70,94,314,5,2026-03-23 06:01:00,6,0,137.9,236.8,1
128,97,39.0,89,31,462,46,2026-03-23 06:02:00,6,0,136.2,236.6,1
68,87,37.1,54,77,366,51,2026-03-23 06:03:00,6,0,127.7,228.3,1
106,90,36.0,35,73,414,12,2026-03-23 06:04:00,6,0,139.9,223.4,1
120,89,40.2,64,69,454,64,2026-03-23 06:05:00,6,0,166.2,251.5,1
77,89,36.4,60,61,355,66,2026-03-23 06:06:00,6,0,128.4,216.5,1
79,96,36.6,32,50,504,13,2026-03-23 06:07:00,6,0,98.1,225.0,1
87,86,39.2,46,74,147,39,2026-03-23 06:08:00,6,0,139.3,182.6,1
64,85,38.3,48,51,338,64,2026-03-23 06:09:00,6,0,118.4,203.9,1
62,98,36.3,63,97,287,48,2026-03-23 06:10:00,6,0,115.5,229.4,1
108,98,39.2,37,65,510,15,2026-03-23 06:11:00,6,0,126.4,244.4,1
101,99,39.9,50,77,437,37,2026-03-23 06:12:00,6,0,131.9,246.1,1
69,89,38.2,61,88,252,56,2026-03-23 06:13:00,6,0,132.5,218.9,1
128,98,36.1,42,30,342,37,2026-03-23 06:14:00,6,0,131.5,182.6,1
100,85,37.7,43,86,105,67,2026-03-23 06:15:00,6,0,165.6,178.1,1
91,99,36.7,71,57,112,70,2026-03-23 06:16:00,6,0,123.8,171.2,1
126,89,40.4,63,82,350,14,2026-03-23 06:17:00,6,0,162.5,239.7,1
103,98,37.9,44,82,312,62,2026-03-23 06:18:00,6,0,145.0,217.6,1
93,94,36.0,68,84,263,17,2026-03-23 06:19:00,6,0,130.5,217.4,1
109,85,38.7,61,43,508,54,2026-03-23 06:20:00,6,0,147.4,239.6,1
109,88,39.8,73,82,589,30,2026-03-23 06:21:00,6,0,155.2,291.3,1
66,89,38.8,74,31,139,28,2026-03-23 06:22:00,6,0,93.2,164.1,1
119,94,37.9,73,85,277,50,2026-03-23 06:23:00,6,0,161.7,227.2,1
71,89,37.6,60,30,219,58,2026-03-23 06:24:00,6,0,105.7,170.0,1
103,95,37.6,41,69,256,63,2026-03-23 06:25:00,6,0,143.3,195.2,1
126,99,36.6,41,65,553,48,2026-03-23 06:26:00,6,0,149.2,249.8,1
103,91,38.4,58,72,312,22,2026-03-23 06:27:00,6,0,138.5,218.6,1
86,93,38.0,31,35,508,60,2026-03-23 06:28:00,6,0,114.8,217.6,1
62,85,38.5,30,43,510,76,2026-03-23 06:29:00,6,0,116.4,224.1,1
66,93,39.2,32,61,572,61,2026-03-23 06:30:00,6,0,112.1,251.5,1
126,97,37.6,84,39,549,30,2026-03-23 06:31:00,6,0,133.8,254.3,1
73,90,39.7,44,41,380,36,2026-03-23 06:32:00,6,0,104.7,206.1,1
120,85,37.8,67,95,463,50,2026-03-23 06:33:00,6,0,181.0,268.2,1
109,85,38.3,57,31,569,40,2026-03-23 06:34:00,6,0,137.2,240.6,1
108,95,36.1,69,52,246,62,2026-03-23 06:35:00,6,0,138.5,192.3,1
100,88,40.5,89,56,467,49,2026-03-23 06:36:00,6,0,140.7,258.1,1
121,91,39.5,51,75,202,66,2026-03-23 06:37:00,6,0,167.6,197.4,1
103,87,38.1,66,83,219,74,2026-03-23 06:38:00,6,0,165.6,211.1,1
78,99,37.5,35,41,306,79,2026-03-23 06:39:00,6,0,108.1,182.4,1
93,87,39.8,51,45,438,13,2026-03-23 06:40:00,6,0,120.3,224.2,1
76,87,38.5,83,66,217,23,2026-03-23 06:41:00,6,0,120.2,208.1,1
60,85,38.0,52,84,323,6,2026-03-23 06:42:00,6,0,114.3,225.4,1
79,87,36.3,84,34,212,55,2026-03-23 06:43:00,6,0,116.2,180.8,1
85,88,39.5,76,51,450,45,2026-03-23 06:44:00,6,0,125.0,242.7,1
73,98,38.0,89,98,517,35,2026-03-23 06:45:00,6,0,120.9,292.5,1
75,97,38.5,39,98,370,65,2026-03-23 06:46:00,6,0,133.0,239.1,1
109,99,38.5,65,55,396,33,2026-03-23 06:47:00,6,0,126.1,227.2,1
129,94,40.3,84,81,331,58,2026-03-23 06:48:00,6,0,170.1,245.5,1
83,96,36.5,71,93,571,14,2026-03-23 06:49:00,6,0,123.1,287.8,1
103,92,36.6,80,31,371,78,2026-03-23 06:50:00,6,0,133.3,209.1,1
109,95,36.5,62,96,164,19,2026-03-23 06:51:00,6,0,148.4,204.0,1
68,90,36.5,42,77,483,75,2026-03-23 06:52:00,6,0,130.4,244.5,1
64,99,40.4,64,43,121,29,2026-03-23 06:53:00,6,0,82.9,167.1,1
64,91,37.2,76,46,342,7,2026-03-23 06:54:00,6,0,89.8,213.0,1
120,93,38.8,81,52,543,13,2026-03-23 06:55:00,6,0,136.4,263.1,1
64,87,38.0,71,98,193,59,2026-03-23 06:56:00,6,0,137.4,218.7,1
87,85,38.9,50,76,239,39,2026-03-23 06:57:00,6,0,141.8,203.8,1
112,97,39.3,59,58,341,10,2026-03-23 06:58:00,6,0,126.1,216.9,1
81,92,36.9,87,32,297,58,2026-03-23 06:59:00,6,0,110.2,199.1,1
119,98,38.9,53,32,248,74,2026-03-23 07:00:00,7,0,136.4,176.3,1
128,90,39.6,87,74,136,25,2026-03-23 07:01:00,7,0,161.9,201.7,1
62,88,36.6,71,81,290,68,2026-03-23 07:02:00,7,0,128.5,223.4,1
90,86,37.5,71,82,207,19,2026-03-23 07:03:00,7,0,139.7,209.3,1
79,89,39.3,49,41,481,34,2026-03-23 07:04:00,7,0,110.4,228.0,1
125,87,40.4,35,92,552,17,2026-03-23 07:05:00,7,0,170.6,273.1,1
97,85,40.5,58,38,569,64,2026-03-23 07:06:00,7,0,138.3,250.4,1
94,94,39.6,75,79,470,49,2026-03-23 07:07:00,7,0,138.4,266.0,1
102,95,37.1,84,36,167,47,2026-03-23 07:08:00,7,0,121.2,174.8,1
88,97,37.6,34,65,564,55,2026-03-23 07:09:00,7,0,123.9,250.5,1
82,94,38.7,70,41,115,23,2026-03-23 07:10:00,7,0,102.0,164.1,1
62,86,39.4,62,38,445,31,2026-03-23 07:11:00,7,0,98.9,225.4,1
76,89,38.9,48,57,536,32,2026-03-23 07:12:00,7,0,115.4,248.9,1
117,90,36.4,83,45,450,64,2026-03-23 07:13:00,7,0,150.3,235.8,1
93,89,38.5,37,53,566,31,2026-03-23 07:14:00,7,0,126.7,245.8,1
90,92,35.6,86,73,391,38,2026-03-23 07:15:00,7,0,131.9,243.5,1
60,96,37.1,45,98,100,47,2026-03-23 07:16:00,7,0,117.1,185.3,1
61,94,37.2,77,36,167,28,2026-03-23 07:17:00,7,0,84.2,171.5,1
120,88,40.4,31,55,437,58,2026-03-23 07:18:00,7,0,158.9,222.2,1
105,87,38.6,68,62,536,73,2026-03-23 07:19:00,7,0,156.4,261.8,1
99,87,36.0,77,91,462,55,2026-03-23 07:20:00,7,0,160.7,266.6,1
87,90,36.0,70,59,264,8,2026-03-23 07:21:00,7,0,116.5,201.1,1
75,93,38.0,56,58,353,15,2026-03-23 07:22:00,7,0,104.0,215.2,1
94,98,36.3,44,35,143,13,2026-03-23 07:23:00,7,0,99.6,147.7,1
111,85,37.0,41,95,168,27,2026-03-23 07:24:00,7,0,166.9,194.6,1
119,95,38.9,56,74,468,12,2026-03-23 07:25:00,7,0,143.3,251.2,1
69,97,36.6,74,40,122,32,2026-03-23 07:26:00,7,0,89.3,162.6,1
93,88,38.0,46,57,188,16,2026-03-23 07:27:00,7,0,125.7,176.5,1
71,90,37.3,42,51,190,19,2026-03-23 07:28:00,7,0,103.0,169.3,1
88,86,38.2,60,68,124,11,2026-03-23 07:29:00,7,0,128.7,178.8,1
74,94,40.4,32,66,449,9,2026-03-23 07:30:00,7,0,103.9,232.8,1
60,85,39.7,62,86,193,62,2026-03-23 07:31:00,7,0,132.1,209.2,1
60,93,35.6,47,68,418,54,2026-03-23 07:32:00,7,0,108.7,225.9,1
77,97,35.6,65,76,134,70,2026-03-23 07:33:00,7,0,125.1,183.7,1
77,94,38.8,48,56,155,60,2026-03-23 07:34:00,7,0,116.6,171.8,1
76,88,38.7,72,65,587,38,2026-03-23 07:35:00,7,0,122.7,276.3,1
88,97,36.1,40,77,121,51,2026-03-23 07:36:00,7,0,128.7,170.3,1
119,90,39.4,31,71,301,46,2026-03-23 07:37:00,7,0,159.5,204.2,1
83,86,36.4,36,64,329,69,2026-03-23 07:38:00,7,0,140.1,201.4,1
81,86,39.9,81,78,174,40,2026-03-23 07:39:00,7,0,136.8,209.7,1
116,94,40.0,62,57,593,25,2026-03-23 07:40:00,7,0,137.8,269.5,1
80,88,37.1,57,75,121,75,2026-03-23 07:41:00,7,0,142.0,179.4,1
96,85,37.4,44,54,305,33,2026-03-23 07:42:00,7,0,136.2,195.6,1
81,91,38.3,66,80,233,40,2026-03-23 07:43:00,7,0,130.3,212.2,1
120,99,40.1,38,99,586,42,2026-03-23 07:44:00,7,0,159.6,285.7,1
98,96,36.4,66,80,119,64,2026-03-23 07:45:00,7,0,143.6,185.6,1
121,96,39.4,48,74,199,39,2026-03-23 07:46:00,7,0,151.5,194.4,1
116,93,36.4,62,94,116,39,2026-03-23 07:47:00,7,0,162.0,192.8,1
96,89,37.2,88,99,146,73,2026-03-23 07:48:00,7,0,164.7,216.9,1
63,92,37.1,62,59,506,23,2026-03-23 07:49:00,7,0,98.8,247.7,1
109,88,36.9,85,81,163,44,2026-03-23 07:50:00,7,0,158.9,205.6,1
69,95,36.7,89,31,238,43,2026-03-23 07:51:00,7,0,91.1,187.2,1
98,91,37.4,58,36,454,32,2026-03-23 07:52:00,7,0,119.5,219.8,1
77,91,40.3,61,51,288,17,2026-03-23 07:53:00,7,0,105.7,204.4,1
100,88,39.1,62,95,499,47,2026-03-23 07:54:00,7,0,159.6,275.5,1
86,93,38.5,48,73,173,66,2026-03-23 07:55:00,7,0,135.6,186.7,1
79,94,36.3,79,70,161,37,2026-03-23 07:56:00,7,0,118.3,193.3,1
83,89,39.7,54,44,546,74,2026-03-23 07:57:00,7,0,127.1,246.4,1
84,93,38.3,69,47,394,38,2026-03-23 07:58:00,7,0,112.6,222.8,1
106,96,37.6,37,63,112,64,2026-03-23 07:59:00,7,0,141.5,160.2,1
103,86,38.0,81,90,378,28,2026-03-23 08:00:00,8,0,156.8,255.1,1
117,89,35.9,62,86,216,35,2026-03-23 08:01:00,8,0,163.6,206.2,1
107,95,39.4,80,97,458,26,2026-03-23 08:02:00,8,0,149.4,278.3,1
123,97,36.5,46,38,263,36,2026-03-23 08:03:00,8,0,132.7,175.2,1
92,89,40.2,85,91,207,57,2026-03-23 08:04:00,8,0,152.7,228.0,1
93,95,36.0,65,32,138,65,2026-03-23 08:05:00,8,0,117.4,154.5,1
119,98,39.9,74,83,564,27,2026-03-23 08:06:00,8,0,147.8,287.7,1
124,87,38.6,53,87,226,48,2026-03-23 08:07:00,8,0,176.6,209.8,1
63,90,35.6,88,95,570,77,2026-03-23 08:08:00,8,0,136.0,295.7,1
89,85,39.4,73,81,181,72,2026-03-23 08:09:00,8,0,155.8,208.2,1
97,94,36.5,38,42,481,68,2026-03-23 08:10:00,8,0,128.0,217.6,1
118,85,35.8,70,39,470,37,2026-03-23 08:11:00,8,0,147.5,227.9,1
76,87,38.1,86,55,565,70,2026-03-23 08:12:00,8,0,128.8,270.7,1
87,86,39.7,55,70,157,25,2026-03-23 08:13:00,8,0,133.1,187.3,1
63,99,37.9,82,49,572,38,2026-03-23 08:14:00,8,0,87.8,265.5,1
72,86,36.4,41,41,189,60,2026-03-23 08:15:00,8,0,117.1,159.8,1
118,87,37.5,84,33,357,5,2026-03-23 08:16:00,8,0,131.9,211.5,1
68,87,40.0,32,70,568,46,2026-03-23 08:17:00,8,0,122.7,258.6,1
119,96,37.4,69,88,546,52,2026-03-23 08:18:00,8,0,160.8,280.1,1
73,86,36.6,57,78,264,31,2026-03-23 08:19:00,8,0,127.7,209.1,1
122,93,37.9,78,38,438,28,2026-03-23 08:20:00,8,0,135.5,229.0,1
103,93,38.3,55,66,556,29,2026-03-23 08:21:00,8,0,134.6,261.5,1
80,91,37.1,32,69,120,67,2026-03-23 08:22:00,8,0,132.1,162.5,1
94,91,38.4,85,83,552,26,2026-03-23 08:23:00,8,0,138.0,287.8,1
72,99,38.9,78,75,359,46,2026-03-23 08:24:00,8,0,110.4,241.1,1
120,85,36.6,48,71,330,39,2026-03-23 08:25:00,8,0,165.7,212.9,1
95,87,35.8,87,94,291,52,2026-03-23 08:26:00,8,0,158.1,239.1,1
113,93,36.9,46,52,380,59,2026-03-23 08:27:00,8,0,144.6,209.2,1
109,88,35.7,70,76,548,48,2026-03-23 08:28:00,8,0,157.6,269.2,1
65,86,36.5,62,34,212,27,2026-03-23 08:29:00,8,0,98.1,170.2,1
120,99,39.6,60,57,235,6,2026-03-23 08:30:00,8,0,127.8,196.1,1
116,86,39.2,75,82,527,70,2026-03-23 08:31:00,8,0,175.8,278.7,1
96,99,38.6,56,70,326,29,2026-03-23 08:32:00,8,0,122.0,219.4,1
118,98,38.5,70,69,553,26,2026-03-23 08:33:00,8,0,139.7,270.9,1
61,92,38.6,88,57,415,44,2026-03-23 08:34:00,8,0,102.5,244.1,1
116,91,37.6,38,71,118,12,2026-03-23 08:35:00,8,0,145.4,167.5,1
105,87,36.7,68,77,301,41,2026-03-23 08:36:00,8,0,154.3,221.5,1
99,99,37.0,60,46,108,14,2026-03-23 08:37:00,8,0,107.9,157.8,1
122,98,35.7,82,65,460,71,2026-03-23 08:38:00,8,0,154.4,249.9,1
84,97,36.1,34,33,502,45,2026-03-23 08:39:00,8,0,101.7,212.7,1
123,85,37.8,87,34,291,48,2026-03-23 08:40:00,8,0,152.3,201.1,1
100,97,37.2,88,91,148,54,2026-03-23 08:41:00,8,0,146.2,211.7,1
71,86,36.5,81,32,504,12,2026-03-23 08:42:00,8,0,97.4,236.7,1
119,91,36.6,47,40,102,25,2026-03-23 08:43:00,8,0,136.2,145.1,1
77,87,36.0,42,33,524,15,2026-03-23 08:44:00,8,0,102.1,220.9,1
106,91,37.6,49,51,352,36,2026-03-23 08:45:00,8,0,134.6,205.8,1
82,98,37.0,37,53,474,9,2026-03-23 08:46:00,8,0,97.8,224.4,1
115,96,38.1,56,84,271,37,2026-03-23 08:47:00,8,0,151.1,217.2,1
116,88,39.0,80,43,142,7,2026-03-23 08:48:00,8,0,134.4,176.5,1
83,99,37.7,83,37,560,14,2026-03-23 08:49:00,8,0,90.6,254.8,1
110,93,37.8,34,94,566,77,2026-03-23 08:50:00,8,0,168.6,271.6,1
93,86,36.9,74,85,329,75,2026-03-23 08:51:00,8,0,160.4,236.1,1
126,88,37.3,56,82,462,11,2026-03-23 08:52:00,8,0,163.1,252.4,1
83,99,35.5,39,68,206,27,2026-03-23 08:53:00,8,0,110.0,179.3,1
99,97,36.4,55,36,250,47,2026-03-23 08:54:00,8,0,115.8,175.5,1
65,91,38.0,51,56,125,66,2026-03-23 08:55:00,8,0,113.3,165.7,1
60,98,38.9,66,66,534,51,2026-03-23 08:56:00,8,0,99.3,263.8,1
67,86,40.2,39,91,298,63,2026-03-23 08:57:00,8,0,139.0,223.2,1
123,96,37.5,88,36,249,36,2026-03-23 08:58:00,8,0,133.2,194.0,1
128,99,37.4,64,69,207,19,2026-03-23 08:59:00,8,0,144.1,196.5,1
77,87,35.8,58,70,590,55,2026-03-23 09:00:00,9,0,132.6,267.6,1
117,99,39.9,74,95,193,32,2026-03-23 09:01:00,9,0,152.2,221.9,1
117,88,36.2,74,37,123,12,2026-03-23 09:02:00,9,0,133.7,159.9,1
106,89,37.8,37,56,235,76,2026-03-23 09:03:00,9,0,152.1,180.3,1
83,85,37.3,61,45,196,7,2026-03-23 09:04:00,9,0,113.5,175.8,1
111,88,37.8,85,80,111,14,2026-03-23 09:05:00,9,0,151.0,196.3,1
67,91,38.2,60,34,159,42,2026-03-23 09:06:00,9,0,96.7,162.0,1
106,88,39.2,42,34,512,48,2026-03-23 09:07:00,9,0,134.2,225.6,1
111,86,39.0,73,83,410,6,2026-03-23 09:08:00,9,0,153.1,254.6,1
100,95,38.4,31,77,194,21,2026-03-23 09:09:00,9,0,132.3,185.0,1
69,85,39.1,73,93,310,78,2026-03-23 09:10:00,9,0,147.6,241.8,1
80,85,39.1,81,37,385,19,2026-03-23 09:11:00,9,0,110.7,221.6,1
102,95,39.5,58,45,407,16,2026-03-23 09:12:00,9,0,116.4,220.9,1
84,88,35.7,43,68,159,28,2026-03-23 09:13:00,9,0,127.6,172.3,1
88,94,38.9,38,30,313,55,2026-03-23 09:14:00,9,0,110.9,180.4,1
96,98,37.3,44,60,218,54,2026-03-23 09:15:00,9,0,126.0,182.2,1
111,99,37.2,31,40,110,58,2026-03-23 09:16:00,9,0,127.7,139.9,1
105,96,38.7,76,59,227,41,2026-03-23 09:17:00,9,0,131.8,202.1,1
74,92,37.0,62,75,111,10,2026-03-23 09:18:00,9,0,111.7,179.7,1
92,97,37.5,68,69,425,22,2026-03-23 09:19:00,9,0,119.2,242.3,1
78,85,38.2,56,67,454,36,2026-03-23 09:20:00,9,0,129.2,242.1,1
67,85,37.0,64,80,322,25,2026-03-23 09:21:00,9,0,123.6,226.4,1
95,85,35.9,48,57,297,57,2026-03-23 09:22:00,9,0,144.1,195.1,1
126,92,39.8,32,57,401,45,2026-03-23 09:23:00,9,0,154.8,215.7,1
63,92,35.5,32,66,411,33,2026-03-23 09:24:00,9,0,105.3,215.4,1
102,91,40.0,80,85,323,41,2026-03-23 09:25:00,9,0,149.9,244.1,1
66,89,38.1,75,72,325,55,2026-03-23 09:26:00,9,0,121.8,229.1,1
127,98,39.7,60,94,455,40,2026-03-23 09:27:00,9,0,163.6,266.2,1
100,96,35.6,64,99,141,27,2026-03-23 09:28:00,9,0,143.6,200.7,1
101,88,36.3,49,54,159,55,2026-03-23 09:29:00,9,0,142.3,166.7,1
107,87,38.4,31,94,510,34,2026-03-23 09:30:00,9,0,162.3,260.1,1
124,94,37.8,36,35,315,62,2026-03-23 09:31:00,9,0,144.3,181.1,1
78,96,40.0,48,91,178,24,2026-03-23 09:32:00,9,0,121.1,203.3,1
117,95,38.1,73,84,524,51,2026-03-23 09:33:00,9,0,158.4,276.3,1
67,89,40.3,56,78,104,7,2026-03-23 09:34:00,9,0,111.2,184.0,1
85,86,39.4,63,61,220,28,2026-03-23 09:35:00,9,0,127.9,197.0,1
82,87,37.7,47,50,215,55,2026-03-23 09:36:00,9,0,126.6,176.9,1
100,91,36.4,71,82,518,37,2026-03-23 09:37:00,9,0,145.6,269.3,1
79,90,39.9,44,48,135,77,2026-03-23 09:38:00,9,0,125.3,162.4,1
90,99,37.2,80,90,219,24,2026-03-23 09:39:00,9,0,125.7,221.2,1
114,88,37.5,79,59,522,10,2026-03-23 09:40:00,9,0,141.7,260.2,1
65,94,36.1,60,45,278,20,2026-03-23 09:41:00,9,0,89.5,189.3,1
71,99,35.7,86,49,370,43,2026-03-23 09:42:00,9,0,95.7,222.7,1
75,91,40.1,65,34,310,10,2026-03-23 09:43:00,9,0,93.5,198.5,1
72,99,38.7,71,81,104,53,2026-03-23 09:44:00,9,0,115.5,190.4,1
118,89,37.7,65,98,132,15,2026-03-23 09:45:00,9,0,164.4,202.9,1
102,95,36.8,55,81,428,22,2026-03-23 09:46:00,9,0,136.2,243.4,1
61,89,37.9,48,96,372,74,2026-03-23 09:47:00,9,0,135.5,241.4,1
88,93,37.1,30,91,524,37,2026-03-23 09:48:00,9,0,137.5,257.7,1
124,86,37.6,67,90,419,77,2026-03-23 09:49:00,9,0,188.3,255.5,1
117,99,38.2,84,41,141,58,2026-03-23 09:50:00,9,0,133.0,175.3,1
129,96,36.2,81,69,399,17,2026-03-23 09:51:00,9,0,148.8,241.0,1
67,98,40.0,67,32,273,45,2026-03-23 09:52:00,9,0,86.1,190.5,1
127,85,38.5,53,96,481,29,2026-03-23 09:53:00,9,0,180.8,266.9,1
78,97,35.5,83,51,504,28,2026-03-23 09:54:00,9,0,100.8,249.0,1
101,90,39.1,54,53,110,50,2026-03-23 09:55:00,9,0,137.3,164.3,1
104,87,37.1,89,64,372,45,2026-03-23 09:56:00,9,0,148.2,237.9,1
109,99,36.5,75,30,169,69,2026-03-23 09:57:00,9,0,124.4,165.3,1
70,89,40.5,55,32,112,68,2026-03-23 09:58:00,9,0,108.9,153.3,1
98,90,39.7,87,69,223,38,2026-03-23 09:59:00,9,0,139.3,215.8,1
98,89,37.8,71,48,511,35,2026-03-23 10:00:00,10,0,129.4,246.9,1
64,93,37.4,61,80,391,17,2026-03-23 10:01:00,10,0,106.8,239.5,1
117,89,37.6,55,38,376,18,2026-03-23 10:02:00,10,0,134.5,204.5,1
73,99,36.5,44,79,307,56,2026-03-23 10:03:00,10,0,116.2,211.7,1
99,86,40.0,42,43,477,7,2026-03-23 10:04:00,10,0,123.8,226.5,1
125,86,40.1,45,74,552,71,2026-03-23 10:05:00,10,0,179.3,264.9,1
99,85,36.8,58,57,101,79,2026-03-23 10:06:00,10,0,153.9,162.7,1
118,93,36.2,74,44,225,33,2026-03-23 10:07:00,10,0,136.8,185.2,1
105,94,39.2,53,83,195,70,2026-03-23 10:08:00,10,0,155.5,202.0,1
86,98,38.8,38,81,557,51,2026-03-23 10:09:00,10,0,127.6,264.7,1
83,99,36.7,44,75,156,8,2026-03-23 10:10:00,10,0,107.8,179.1,1
101,94,39.6,67,62,406,70,2026-03-23 10:11:00,10,0,141.8,237.3,1
91,91,39.6,78,57,279,75,2026-03-23 10:12:00,10,0,137.3,213.9,1
72,91,36.6,52,94,280,13,2026-03-23 10:13:00,10,0,122.0,221.0,1
118,94,39.4,78,71,420,70,2026-03-23 10:14:00,10,0,159.9,251.5,1
109,89,40.0,40,72,378,5,2026-03-23 10:15:00,10,0,141.2,226.0,1
76,87,39.7,52,32,595,32,2026-03-23 10:16:00,10,0,105.9,246.8,1
83,92,36.4,70,79,509,19,2026-03-23 10:17:00,10,0,123.6,264.9,1
89,86,40.3,41,58,148,69,2026-03-23 10:18:00,10,0,141.9,171.3,1
113,97,40.0,60,38,444,47,2026-03-23 10:19:00,10,0,128.0,225.4,1
108,91,39.2,52,63,460,28,2026-03-23 10:20:00,10,0,139.8,240.5,1
86,99,37.6,34,88,300,7,2026-03-23 10:21:00,10,0,116.4,213.8,1
114,86,39.6,82,66,369,20,2026-03-23 10:22:00,10,0,151.2,240.2,1
84,99,38.5,52,46,185,64,2026-03-23 10:23:00,10,0,110.9,172.2,1
68,94,40.2,86,58,153,33,2026-03-23 10:24:00,10,0,102.3,194.6,1
90,97,38.8,57,79,100,60,2026-03-23 10:25:00,10,0,134.0,181.4,1
64,89,38.9,88,76,258,64,2026-03-23 10:26:00,10,0,124.9,226.6,1
60,90,39.0,85,47,485,34,2026-03-23 10:27:00,10,0,96.7,250.4,1
126,85,36.5,60,37,333,5,2026-03-23 10:28:00,10,0,143.3,195.5,1
111,88,38.0,53,44,262,7,2026-03-23 10:29:00,10,0,130.9,185.7,1
91,90,36.7,69,75,541,40,2026-03-23 10:30:00,10,0,137.3,268.6,1
84,88,40.3,51,57,459,18,2026-03-23 10:31:00,10,0,119.1,237.8,1
88,98,36.1,41,42,382,69,2026-03-23 10:32:00,10,0,115.1,198.5,1
127,89,36.3,55,49,343,73,2026-03-23 10:33:00,10,0,164.5,203.0,1
118,94,40.4,32,71,123,20,2026-03-23 10:34:00,10,0,144.9,171.1,1
77,92,37.4,54,48,273,40,2026-03-23 10:35:00,10,0,109.6,190.0,1
104,85,36.0,66,82,399,13,2026-03-23 10:36:00,10,0,150.6,242.2,1
105,86,39.1,64,56,567,15,2026-03-23 10:37:00,10,0,137.5,262.8,1
66,93,38.2,85,72,587,13,2026-03-23 10:38:00,10,0,103.2,286.7,1
81,92,37.5,74,68,177,66,2026-03-23 10:39:00,10,0,130.6,195.0,1
111,95,37.9,38,53,489,66,2026-03-23 10:40:00,10,0,142.6,229.7,1
79,89,38.6,50,87,250,20,2026-03-23 10:41:00,10,0,129.2,213.1,1
128,92,39.4,49,61,294,41,2026-03-23 10:42:00,10,0,157.2,204.8,1
79,95,39.1,67,99,146,34,2026-03-23 10:43:00,10,0,130.4,210.2,1
115,90,36.8,88,59,487,22,2026-03-23 10:44:00,10,0,143.1,256.3,1
119,95,36.6,69,88,439,12,2026-03-23 10:45:00,10,0,150.3,257.1,1
66,93,38.3,34,73,204,62,2026-03-23 10:46:00,10,0,118.4,185.5,1
71,91,35.6,69,56,536,52,2026-03-23 10:47:00,10,0,113.9,252.1,1
120,92,39.8,82,73,548,10,2026-03-23 10:48:00,10,0,147.5,281.3,1
119,89,36.9,67,98,226,77,2026-03-23 10:49:00,10,0,183.8,221.1,1
98,92,37.6,55,80,308,33,2026-03-23 10:50:00,10,0,140.3,220.3,1
99,91,39.4,54,72,565,8,2026-03-23 10:51:00,10,0,131.1,269.2,1
106,95,36.6,48,52,430,20,2026-03-23 10:52:00,10,0,124.3,219.6,1
126,94,37.2,63,99,129,63,2026-03-23 10:53:00,10,0,178.2,201.0,1
119,86,38.6,32,54,331,26,2026-03-23 10:54:00,10,0,151.0,197.2,1
81,85,40.0,78,56,463,67,2026-03-23 10:55:00,10,0,135.4,250.8,1
101,92,39.5,39,86,332,34,2026-03-23 10:56:00,10,0,146.0,225.1,1
117,99,36.2,50,45,328,64,2026-03-23 10:57:00,10,0,136.8,194.5,1
67,98,40.5,66,61,537,47,2026-03-23 10:58:00,10,0,101.2,264.1,1
71,98,39.6,40,38,499,72,2026-03-23 10:59:00,10,0,100.4,225.6,1
